复习,Fùxí,복습하다,동사,为了提高汉语水平，我每天晚上都会复习。
预习,Yùxí,예습하다,동사,为了提高汉语水平，我每天晚上都会预习。
作业,Zuòyè,숙제,명사,我觉得作业很重要，对学习汉语很有帮助。
写作,Xiězuò,글쓰기,명사,我觉得写作很重要，对学习汉语很有帮助。
写作的作业,Xiězuò de zuòyè,글쓰기 숙제,명사구,我觉得写作的作业很重要，对学习汉语很有帮助。
班长,Bānzhǎng,반장,명사,我们班的班长很负责，大家有问题都会找他。
告诉,Gàosu,알려주다,동사,请你早点告诉我结果，我好提前准备。
已经,Yǐjīng,이미,부사,我已经准备好了，明天可以直接出发。
推卸责任,Tuīxiè zérèn,책임을 떠넘기다,동사구,遇到问题的时候，我们不能推卸责任，应该马上解决。
想起来,Xiǎngqǐlái,생각이 나다,동사,听到这首歌，我马上想起来大学时候的生活。
继续,Jìxù,계속하다,동사,虽然很累，但是我还是想继续学习汉语。
有时间,Yǒu shíjiān,시간이 있으면,표현,如果你有时间，我们周末一起吃饭吧。
辛苦了,Xīnkǔ le,수고했어요,표현,今天大家都辛苦了，早点回家休息吧。
谢谢,Xièxie,감사합니다,표현,谢谢你的帮助，这次真的帮了我很大的忙。
管理,Guǎnlǐ,관리/관리하다,명사/동사,现在我是组长，负责管理整个小组的工作。
管理风格,Guǎnlǐ fēnggé,관리 스타일,명사,我觉得这位上司的管理风格很严格，但是很有效。
处理方法,Chǔlǐ fāngfǎ,처리 방법,명사,这个问题比较复杂，我们得先讨论一下处理方法。
方式,Fāngshì,방식,명사,每个人学习汉语的方式都不一样，最重要的是坚持。
日报,Rìbào,일일보고,명사,上班以后，我先把昨天的日报整理好再开始工作。
日报告,Rì bàogào,매일 보고하다,동사구,下班以前，我要把今天的工作内容日报告给上司。
报告,Bàogào,보고하다/보고서,동사/명사,开会的时候，我要向上司报告这个项目的进展。
工作进展,Gōngzuò jìnzhǎn,업무 진행 상황,명사,开会的时候，上司先问了我们最近的工作进展。
进展,Jìnzhǎn,진전/진척,명사,这个项目最近进展很顺利，客户也很满意。
进行,Jìnxíng,진행하다,동사,会议已经开始了，我们先进行下一项内容吧。
发展,Fāzhǎn,발전하다,동사,随着经济的发展，人们的生活水平越来越高。
检查,Jiǎnchá,점검하다,동사,遇到这种情况的时候，我一般会先检查。
确认,Quèrèn,확인하다,동사,你先帮我确认一下时间，然后我再订票。
一次,Yí cì,한 번,수량사,这件事我只跟他说过一次，他就明白了。
四个小时,Sì gè xiǎoshí,4시간,수량사구,从首尔到机场大概需要四个小时。
组长,Zǔzhǎng,조장/팀장,명사,我们组长工作经验很丰富，也很关心同事。
小组长,Xiǎozǔzhǎng,소조장/소팀장,명사,她现在是我们部门的小组长，做事很认真。
照顾,Zhàogù,돌보다/챙기다,동사,我出差的时候，家人会帮我照顾孩子。
盯着,Dīngzhe,주시하다/바짝 관리하다,동사,上司一直盯着这个项目，所以大家都不敢大意。
混日子,Hùn rìzi,시간만 때우다,동사구,在公司里不能只想着混日子，还是要认真工作。
劳动法,Láodòngfǎ,노동법,명사,在公司里，劳动法很重要，会影响工作效率。
升职,Shēngzhí,승진하다,동사,如果工作能力强，将来升职的机会也会更多。
缺点,Quēdiǎn,단점,명사,每个人都有缺点，重要的是愿意改正。
努力,Nǔlì,열심히 하다/노력,동사/명사,为了实现梦想，我一直在努力。
功能,Gōngnéng,기능,명사,我买东西的时候很重视功能，不会只看价格。
各项,Gè xiàng,각 항목의,수식표현,我常常在说话的时候用到“各项”这个表达。
质量,Zhìliàng,품질,명사,我买东西的时候很重视质量，不会只看价格。
价格,Jiàgé,가격,명사,我买东西的时候很重视价格，不会只看价格。
高,Gāo,높다/비싸다,형용사,最近房价越来越高，很多年轻人压力很大。
改正,Gǎizhèng,고치다/바로잡다,동사,如果发现错误，就应该马上改正。
改进,Gǎijìn,개선하다,동사,为了提高质量，我们还需要继续改进。
拖延,Tuōyán,미루다/지연하다,동사,这个问题不能再拖延了，今天必须解决。
地方,Dìfang,부분/곳,명사,这个地方的环境很好，很适合散步。
做事,Zuòshì,일을 하다,동사,我喜欢做事认真、负责任的人。
打扫,Dǎsǎo,청소하다,동사,下班以后，我常常在家打扫，然后早点休息。
厕所,Cèsuǒ,화장실,명사,我家附近就有厕所，所以生活很方便。
房间,Fángjiān,방,명사,我家附近就有房间，所以生活很方便。
每周,Měi zhōu,매주,부사구,我每周都会去健身房运动两三次。
上班,Shàngbān,출근하다/근무하다,동사,我每天早上八点上班，下午五点下班。
下班,Xiàbān,퇴근하다,동사,下班以后，我常常去公园散步。
到点,Dào diǎn,시간이 되다,표현,到点了，我们先去吃饭吧。
马上,Mǎshàng,바로/즉시,부사,客户快到了，我马上过去。
剩,Shèng,남다,동사,冰箱里只剩一点水果了，明天得去买。
分钟,Fēnzhōng,분,명사,从我家到公司只要十分钟，很方便。
几,Jǐ,몇,의문사,你们公司离地铁站有几分钟？
参加,Cānjiā,참가하다/참석하다,동사,如果有机会，我想参加这次汉语比赛。
婚礼,Hūnlǐ,결혼식,명사,我觉得婚礼很重要，在生活中经常会用到。
会议,Huìyì,회의,명사,在公司里，会议很重要，会影响工作效率。
宴席,Yànxí,연회,명사,对我来说，宴席是不能忽视的问题。
接风宴,Jiēfēngyàn,환영 연회,명사,我觉得接风宴很重要，在生活中经常会用到。
唠叨,Láodao,잔소리하다,동사,遇到这种情况的时候，我一般会先唠叨。
管,Guǎn,관리하다/간섭하다,동사,为了提高工作效率，我上班以后会先管。
压力,Yālì,스트레스/압력,명사,我觉得压力不是好习惯，应该尽快改正。
不用,Bú yòng,~할 필요 없다,조동사구,遇到这种情况的时候，我一般会先不用。
本来,Běnlái,원래,부사,为了学好中文，我本来会做一些笔记。
反正,Fǎnzhèng,어쨌든,부사,我反正会提前到公司准备资料。
享受,Xiǎngshòu,즐기다,동사,遇到这种情况的时候，我一般会先享受。
难,Nán,어렵다,형용사,这家店的环境很难，我很喜欢。
准时,Zhǔnshí,제시간이다,형용사,从我家到公司大概需要准时。
下面,Xiàmian,아래,방위사,我常常在说话的时候用到“下面”这个表达。
副总,Fùzǒng,부사장,명사,对我来说，副总是不能忽视的问题。
行政副总,Xíngzhèng fùzǒng,행정부사장,명사,我觉得行政副总很重要，在生活中经常会用到。
技术总监,Jìshù zǒngjiān,기술총감,명사,我平时很喜欢技术总监，因为又方便又好吃。
生产副总,Shēngchǎn fùzǒng,생산부사장,명사,对我来说，生产副总是不能忽视的问题。
销售副总,Xiāoshòu fùzǒng,영업부사장,명사,我觉得销售副总很重要，在生活中经常会用到。
负责,Fùzé,담당하다,동사,遇到这种情况的时候，我一般会先负责。
人力资源部,Rénlì zīyuán bù,인사부,명사,对我来说，人力资源部是不能忽视的问题。
企划部,Qǐhuà bù,기획부,명사,我觉得企划部很重要，在生活中经常会用到。
财务部,Cáiwù bù,재무부,명사,最近我常常跟朋友聊到财务部这个话题。
总务部,Zǒngwù bù,총무부,명사,对我来说，总务部是不能忽视的问题。
市场部,Shìchǎng bù,시장부,명사,我觉得市场部很重要，在生活中经常会用到。
销售部,Xiāoshòu bù,영업부,명사,最近我常常跟朋友聊到销售部这个话题。
派来,Pài lái,파견해 오다,동사구,下班以后，我常常在家派来。
派驻,Pàizhù,파견하다,동사,为了提高效率，我每天都会派驻。
驻线员,Zhùxiànyuán,주재원,명사,从我家到公司大概需要驻线员。
分别,Fēnbié,각각,부사,为了学好中文，我分别会做一些笔记。
产品开发,Chǎnpǐn kāifā,제품 개발,명사,我觉得产品开发很重要，在生活中经常会用到。
生产,Shēngchǎn,생산,명사/동사,最近我常常跟朋友聊到生产这个话题。
性格,Xìnggé,성격,명사,对我来说，性格是不能忽视的问题。
相反,Xiāngfǎn,반대다/반대,형용사/명사,我觉得相反很重要，在生活中经常会用到。
外向,Wàixiàng,외향적,형용사,最近工作有点外向，所以大家都很累。
内向,Nèixiàng,내향적,형용사,这家店的环境很内向，我很喜欢。
比较,Bǐjiào,비교적/좀,부사,我比较会提前到公司准备资料。
变成,Biànchéng,~로 변하다,동사,遇到这种情况的时候，我一般会先变成。
能干,Nénggàn,유능하다,형용사,这家店的环境很能干，我很喜欢。
一边…一边…,Yìbiān… yìbiān…,~하면서 ~하다,문형,我觉得一边…一边…很重要，在生活中经常会用到。
照看,Zhàokàn,돌보다,동사,遇到这种情况的时候，我一般会先照看。
孩子,Háizi,아이,명사,对我来说，孩子是不能忽视的问题。
通宵,Tōngxiāo,밤새다,동사/명사,我觉得通宵很重要，在生活中经常会用到。
股票市场,Gǔpiào shìchǎng,주식시장,명사,从我家到公司大概需要股票市场。
牛市,Niúshì,상승장,명사,对我来说，牛市是不能忽视的问题。
熊市,Xióngshì,하락장,명사,我觉得熊市很重要，在生活中经常会用到。
词典,Cídiǎn,사전,명사,最近我常常跟朋友聊到词典这个话题。
查出来,Chá chūlái,찾아내다,동사구,我觉得查出来很重要，遇到问题的时候可以帮助我们。
省略,Shěnglüè,생략하다,동사,为了提高效率，我每天都会省略。
一般,Yìbān,일반적으로/보통,부사,周末我一般会跟家人一起出去吃饭。
说话,Shuōhuà,말하다,동사,下班以后，我常常在家说话。
可以,Kěyǐ,~할 수 있다/해도 된다,조동사,为了提高效率，我每天都会可以。
了解,Liǎojiě,이해하다/알다,동사,遇到这种情况的时候，我一般会先了解。
聊天,Liáotiān,대화하다,동사,下班以后，我常常在家聊天。
介绍,Jièshào,소개하다,동사,为了提高效率，我每天都会介绍。
中性,Zhōngxìng,중립적인,형용사,最近工作有点中性，所以大家都很累。
迷,Mí,~팬/덕후,접미/명사,对我来说，迷是不能忽视的问题。
球迷,Qiúmí,스포츠 팬,명사,我觉得球迷很重要，在生活中经常会用到。
足球迷,Zúqiúmí,축구팬,명사,最近我常常跟朋友聊到足球迷这个话题。
歌迷,Gēmí,가수 팬,명사,对我来说，歌迷是不能忽视的问题。
影迷,Yǐngmí,영화 팬,명사,我觉得影迷很重要，在生活中经常会用到。
狂,Kuáng,~광,접미/명사,最近我常常跟朋友聊到狂这个话题。
工作狂,Gōngzuòkuáng,일중독,명사,对我来说，工作狂是不能忽视的问题。
表面上,Biǎomiàn shang,겉으로는,부사,我表面上会提前到公司准备资料。
其实,Qíshí,사실은,부사,周末我其实会跟家人一起出去吃饭。
冷淡,Lěngdàn,냉담하다,형용사,这家店的环境很冷淡，我很喜欢。
接触,Jiēchù,접촉하다,동사,为了提高效率，我每天都会接触。
打交道,Dǎ jiāodào,교류하다/상대하다,동사,遇到这种情况的时候，我一般会先打交道。
年纪,Niánjì,나이,명사,对我来说，年纪是不能忽视的问题。
年龄,Niánlíng,연령,명사,我觉得年龄很重要，在生活中经常会用到。
岁,Suì,살,양사,我常常在说话的时候用到“岁”这个表达。
多元化,Duōyuánhuà,다원화,명사/형용사,对我来说，多元化是不能忽视的问题。
社会,Shèhuì,사회,명사,我觉得社会很重要，在生活中经常会用到。
选择,Xuǎnzé,선택(하다),명사/동사,最近我常常跟朋友聊到选择这个话题。
一…就…,Yì… jiù…,~하자마자 바로…,문형,对我来说，一…就…是不能忽视的问题。
停不下来,Tíng bu xiàlái,멈출 수 없다,표현,我觉得停不下来很重要，在生活中经常会用到。
停不了,Tíng bu liǎo,멈출 수 없다,표현,最近我常常跟朋友聊到停不了这个话题。
被,Bèi,~당하다,개사,我常常在说话的时候用到“被”这个表达。
别说…了,Bié shuō…le,~은 말할 것도 없다,관용표현,我常常在说话的时候用到“别说…了”这个表达。
霸凌,Bàlíng,괴롭힘,명사,最近我常常跟朋友聊到霸凌这个话题。
校园霸凌,Xiàoyuán bàlíng,학교폭력,명사,我家附近就有校园霸凌，所以生活很方便。
欺负,Qīfu,괴롭히다,동사,为了提高效率，我每天都会欺负。
都,Dōu,모두,부사,周末我都会跟家人一起出去吃饭。
跟踪,Gēnzōng,추적하다,동사,下班以后，我常常在家跟踪。
跟着,Gēnzhe,따라가다,동사,为了提高效率，我每天都会跟着。
前面,Qiánmiàn,앞,방위사,我常常在说话的时候用到“前面”这个表达。
后面,Hòumiàn,뒤,방위사,我常常在说话的时候用到“后面”这个表达。
足,Zú,발,명사,我觉得足很重要，在生活中经常会用到。
脚,Jiǎo,발,명사,最近我常常跟朋友聊到脚这个话题。
轻重缓急,Qīngzhòng huǎnjí,중요도·긴급도,명사,对我来说，轻重缓急是不能忽视的问题。
轻重,Qīngzhòng,경중,명사,我觉得轻重很重要，在生活中经常会用到。
缓急,Huǎnjí,완급,명사,最近我常常跟朋友聊到缓急这个话题。
分不清,Fēn bù qīng,구분하지 못하다,동사구,从我家到公司大概需要分不清。
双胞胎,Shuāngbāotāi,쌍둥이,명사,我觉得双胞胎很重要，在生活中经常会用到。
老大,Lǎodà,첫째,명사,最近我常常跟朋友聊到老大这个话题。
老二,Lǎoèr,둘째,명사,对我来说，老二是不能忽视的问题。
哥哥,Gēge,형/오빠,명사,我觉得哥哥很重要，在生活中经常会用到。
弟弟,Dìdi,남동생,명사,最近我常常跟朋友聊到弟弟这个话题。
倦怠,Juàndài,번아웃/권태,명사,对我来说，倦怠是不能忽视的问题。
职业倦怠,Zhíyè juàndài,직무 번아웃,명사,我觉得职业倦怠很重要，在生活中经常会用到。
现场专家,Xiànchǎng zhuānjiā,현장 전문가,명사,最近我常常跟朋友聊到现场专家这个话题。
目标,Mùbiāo,목표,명사,对我来说，目标是不能忽视的问题。
中文教育,Zhōngwén jiàoyù,중국어 교육,명사,我觉得中文教育很重要，对学习汉语很有帮助。
现场检查,Xiànchǎng jiǎnchá,현장 점검,명사,最近我常常跟朋友聊到现场检查这个话题。
驻在员,Zhùzàiyuán,주재원,명사,从我家到公司大概需要驻在员。
名胜景点,Míngshèng jǐngdiǎn,명승지,명사,我觉得名胜景点很重要，在生活中经常会用到。
沟通,Gōutōng,소통하다,동사,遇到这种情况的时候，我一般会先沟通。
物流,Wùliú,물류,명사,对我来说，物流是不能忽视的问题。
改进点,Gǎijìndiǎn,개선점,명사,我觉得改进点很重要，在生活中经常会用到。
推动解决,Tuīdòng jiějué,해결을 추진하다,동사구,遇到这种情况的时候，我一般会先推动解决。
总部,Zǒngbù,본사,명사,对我来说，总部是不能忽视的问题。
当地法人,Dāngdì fǎrén,현지 법인,명사,我觉得当地法人很重要，在生活中经常会用到。
桥梁作用,Qiáoliáng zuòyòng,가교 역할,명사,最近我常常跟朋友聊到桥梁作用这个话题。
贡献,Gòngxiàn,기여하다/기여,동사/명사,对我来说，贡献是不能忽视的问题。
羡慕,xiànmù,부러워하다,동사,为了提高效率，我每天都会羡慕。
富翁,fùwēng,큰부자,명사,最近我常常跟朋友聊到富翁这个话题。
有钱人,yǒuqiánrén,부자,명사,对我来说，有钱人是不能忽视的问题。
别人,biérén,다른 사람,대명사,我常常在说话的时候用到“别人”这个表达。
敢,gǎn,감히 ~하다,동사,遇到这种情况的时候，我一般会先敢。
不敢,bù gǎn,감히 ~하지 못하다,동사,下班以后，我常常在家不敢。
为什么,wèishénme,왜,의문사,我常常在说话的时候用到“为什么”这个表达。
很,hěn,매우,부사,周末我很会跟家人一起出去吃饭。
不是,bú shì,아니다,동사,下班以后，我常常在家不是。
吗,ma,~니?,의문조사,我觉得吗很重要，在生活中经常会用到。
或者,huòzhě,또는,접속사,周末我们可以去公园，或者去看电影。
不,bù,~않다,부사,为了学好中文，我不会做一些笔记。
有,yǒu,있다,동사,为了提高效率，我每天都会有。
人,rén,사람,명사,最近我常常跟朋友聊到人这个话题。
网约车,wǎngyuēchē,앱 호출 차량 서비스,명사,我平时很喜欢网约车，因为又方便又好吃。
专车,zhuānchē,전용차,명사,我平时很喜欢专车，因为又方便又好吃。
曹操专车,Cáocāo zhuānchē,차오차오 전용차,명사,我平时很喜欢曹操专车，因为又方便又好吃。
滴滴,Dīdī,디디(호출 서비스),명사,对我来说，滴滴是不能忽视的问题。
高德地图,Gāodé Dìtú,고덕지도(지도 앱),명사,我买东西的时候很重视高德地图，不会只看价格。
出租车,chūzūchē,택시,명사,最近我常常跟朋友聊到出租车这个话题。
司机,sījī,운전기사,명사,对我来说，司机是不能忽视的问题。
APP,APP,앱,명사,我买东西的时候很重视APP，不会只看价格。
下单,xiàdān,주문하다/콜 넣다,동사,从我家到公司大概需要下单。
接单,jiēdān,콜을 받다,동사,下班以后，我常常在家接单。
登录,dēnglù,로그인하다,동사,为了提高效率，我每天都会登录。
单,dān,주문/콜,명사,从我家到公司大概需要单。
附近,fùjìn,근처,명사,对我来说，附近是不能忽视的问题。
接收到,jiēshōudào,수신하다/받다,동사,为了提高效率，我每天都会接收到。
适应,shìyìng,적응하다,동사,遇到这种情况的时候，我一般会先适应。
只是,zhǐshì,단지,부사,为了学好中文，我只是会做一些笔记。
快,kuài,빠르다,형용사,我觉得这个办法很快，值得试一试。
拉,lā,(차로) 태우다,동사,周末我喜欢在家拉，因为这样更健康。
打车,dǎ chē,택시를 부르다,동사구,下班以后，我常常在家打车。
打个车,dǎ gè chē,택시 한 대 부르다,동사구,为了提高效率，我每天都会打个车。
倒车,dào chē,후진하다,동사,遇到这种情况的时候，我一般会先倒车。
拼车,pīnchē,카풀하다,동사,下班以后，我常常在家拼车。
可能性,kěnéngxìng,가능성,명사,我觉得可能性很重要，在生活中经常会用到。
七年,qī nián,7년,명사,从我家到公司大概需要七年。
以前,yǐqián,이전/전에,명사,对我来说，以前是不能忽视的问题。
以后,yǐhòu,이후/뒤에,명사,我觉得以后很重要，在生活中经常会用到。
最近,zuìjìn,최근,부사,周末我最近会跟家人一起出去吃饭。
很少,hěn shǎo,매우 적다,부사,为了学好中文，我很少会做一些笔记。
记,jì,기억하다,동사,为了提高效率，我每天都会记。
记得,jìde,기억하다(해내다),동사,遇到这种情况的时候，我一般会先记得。
清楚,qīngchu,분명하다,형용사,从我家到公司大概需要清楚。
记不清,jì bu qīng,기억이 분명하지 않다,동사구,从我家到公司大概需要记不清。
糊涂,hútu,헷갈리다,형용사,最近工作有点糊涂，所以大家都很累。
市中心,shìzhōngxīn,도심,명사,对我来说，市中心是不能忽视的问题。
上海,Shànghǎi,상하이,명사,我觉得上海很重要，在生活中经常会用到。
北京,Běijīng,베이징,명사,最近我常常跟朋友聊到北京这个话题。
西安,Xī’ān,시안,명사,对我来说，西安是不能忽视的问题。
厉害,lìhai,심하다,형용사,我觉得这个办法很厉害，值得试一试。
堵得厉害,dǔ de lìhai,심하게 막히다,동사구,遇到这种情况的时候，我一般会先堵得厉害。
赶不上,gǎn bu shàng,(시간에) 맞추지 못하다,동사,从我家到公司大概需要赶不上。
改,gǎi,바꾸다,동사,为了提高效率，我每天都会改。
飞机,fēijī,비행기,명사,我很喜欢飞机，因为可以放松心情，开阔眼界。
交通事故,jiāotōng shìgù,교통사고,명사,对我来说，交通事故是不能忽视的问题。
区间,qūjiān,구간,명사,我觉得区间很重要，在生活中经常会用到。
部分,bùfen,부분,명사,从我家到公司大概需要部分。
区域,qūyù,구역/지역,명사,对我来说，区域是不能忽视的问题。
一段路,yí duàn lù,한 구간의 도로,명사구,我觉得一段路很重要，在生活中经常会用到。
禁止,jìnzhǐ,금지하다,동사,遇到这种情况的时候，我一般会先禁止。
通行,tōngxíng,통행하다,동사,下班以后，我常常在家通行。
禁止通行,jìnzhǐ tōngxíng,통행 금지,동사구,为了提高效率，我每天都会禁止通行。
访问,fǎngwèn,방문하다,동사,我家附近就有访问，所以生活很方便。
领导,lǐngdǎo,지도자,명사,对我来说，领导是不能忽视的问题。
中央,zhōngyāng,중앙,명사,我觉得中央很重要，在生活中经常会用到。
习近平,Xí Jìnpíng,시진핑,고유명사,最近我常常跟朋友聊到习近平这个话题。
普京,Pǔjīng,푸틴,고유명사,对我来说，普京是不能忽视的问题。
金正恩,Jīn Zhèng’ēn,김정은,고유명사,我觉得金正恩很重要，在生活中经常会用到。
动,dòng,움직이다,동사,遇到这种情况的时候，我一般会先动。
内三环,nèi sān huán,베이징 내3환,명사,对我来说，内三环是不能忽视的问题。
禁行,jìnxíng,통행 금지,명사/동사,我觉得禁行很重要，在生活中经常会用到。
出行,chūxíng,이동/외출,명사/동사,最近我常常跟朋友聊到出行这个话题。
电动自行车,diàndòng zìxíngchē,전기 자전거,명사,对我来说，电动自行车是不能忽视的问题。
背包,bèibāo,배낭,명사,我觉得背包很重要，在生活中经常会用到。
装,zhuāng,담다/넣다,동사,遇到这种情况的时候，我一般会先装。
严格,yángé,엄격하다,형용사,这家店的环境很严格，我很喜欢。
几乎,jīhū,거의,부사,我几乎会提前到公司准备资料。
突然,tūrán,갑자기,부사,周末我突然会跟家人一起出去吃饭。
忽然,hūrán,문득,부사,为了学好中文，我忽然会做一些笔记。
差不多,chàbuduō,비슷하다/거의,형용사/부사,我觉得这个办法很差不多，值得试一试。
不太,bù tài,그다지 ~않다,부사,周末我不太会跟家人一起出去吃饭。
经常,jīngcháng,자주,부사,从我家到公司大概需要经常。
不怎么,bù zěnme,별로 ~하지 않다,부사,我不怎么会提前到公司准备资料。
组成,zǔchéng,구성하다,동사,遇到这种情况的时候，我一般会先组成。
字,zì,글자,명사,对我来说，字是不能忽视的问题。
词,cí,단어,명사,我觉得词很重要，在生活中经常会用到。
背,bèi,외우다,동사,遇到这种情况的时候，我一般会先背。
翻译,fānyì,번역,명사,对我来说，翻译是不能忽视的问题。
分辨,fēnbié,구별하다,동사,为了提高效率，我每天都会分辨。
太阳,tàiyáng,태양,명사,最近我常常跟朋友聊到太阳这个话题。
犬,quǎn,개,명사,对我来说，犬是不能忽视的问题。
房子,fángzi,집,명사,我家附近就有房子，所以生活很方便。
窗,chuāng,창문,명사,最近我常常跟朋友聊到窗这个话题。
屋顶,wūdǐng,지붕,명사,对我来说，屋顶是不能忽视的问题。
门,mén,문,명사,我觉得门很重要，在生活中经常会用到。
心,xīn,마음,명사,最近我常常跟朋友聊到心这个话题。
每天,měitiān,매일,부사,为了学好中文，我每天会做一些笔记。
经过,jīngguò,지나가다,동사,为了提高效率，我每天都会经过。
一眼,yìyǎn,한눈에,부사,周末我一眼会跟家人一起出去吃饭。
发现,fāxiàn,발견하다,동사,下班以后，我常常在家发现。
餐厅,cāntīng,식당,명사,我家附近就有餐厅，所以生活很方便。
注意,zhùyì,주의하다,동사,从我家到公司大概需要注意。
走来走去,zǒu lái zǒu qù,왔다 갔다 하다,동사구,下班以后，我常常在家走来走去。
存在,cúnzài,존재하다,동사,为了提高效率，我每天都会存在。
不存在,bù cúnzài,존재하지 않다,동사,遇到这种情况的时候，我一般会先不存在。
周一,Zhōuyī,월요일,명사,从我家到公司大概需要周一。
特别,tèbié,특히/매우,부사/형용사,我觉得这个办法很特别，值得试一试。
快到,kuài dào,거의 도착하다,동사구,遇到这种情况的时候，我一般会先快到。
几辆,jǐ liàng,몇 대,수량사구,我常常在说话的时候用到“几辆”这个表达。
车,chē,차,명사,我平时很喜欢车，因为又方便又好吃。
追尾,zhuīwěi,추돌하다,동사,遇到这种情况的时候，我一般会先追尾。
等,děng,기다리다,동사,下班以后，我常常在家等。
时间,shíjiān,시간,명사,从我家到公司大概需要时间。
交通工具,jiāotōng gōngjù,교통수단,명사,最近我常常跟朋友聊到交通工具这个话题。
电动车,diàndòngchē,전동 이동수단,명사,对我来说，电动车是不能忽视的问题。
觉得,juéde,생각하다/느끼다,동사,为了提高效率，我每天都会觉得。
什么,shénme,무엇,의문대명사,我常常在说话的时候用到“什么”这个表达。
更,gèng,더,부사,为了学好中文，我更会做一些笔记。
安全,ānquán,안전,명사,我觉得安全很重要，在生活中经常会用到。
问题,wèntí,문제,명사,我觉得问题不是好习惯，应该尽快改正。
乘客,chéngkè,승객,명사,对我来说，乘客是不能忽视的问题。
必须,bìxū,반드시 ~해야,조동사,为了提高效率，我每天都会必须。
系好,jì hǎo,(벨트 등) 단단히 매다,동사,遇到这种情况的时候，我一般会先系好。
安全带,ānquándài,안전벨트,명사,对我来说，安全带是不能忽视的问题。
入口,rùkǒu,입구,명사,我觉得入口很重要，在生活中经常会用到。
试乘,shìchéng,시승/시험 탑승,명사/동사,为了提高汉语水平，我每天晚上都会试乘。
稳,wěn,안정적이다,형용사,这家店的环境很稳，我很喜欢。
过,guò,통과하다/지나다,동사,为了提高效率，我每天都会过。
弯道,wāndào,커브,명사,最近我常常跟朋友聊到弯道这个话题。
驾驶室,jiàshǐshì,운전실,명사,对我来说，驾驶室是不能忽视的问题。
前方,qiánfāng,전방,명사,我家附近就有前方，所以生活很方便。
玻璃,bōli,유리,명사,最近我常常跟朋友聊到玻璃这个话题。
隔板,gébǎn,칸막이,명사,对我来说，隔板是不能忽视的问题。
手动,shǒudòng,수동으로,부사/형용사,我觉得这个办法很手动，值得试一试。
滑出,huáchū,슬라이드로 꺼내다,동사,遇到这种情况的时候，我一般会先滑出。
操作装置,cāozuò zhuāngzhì,조작 장치,명사,对我来说，操作装置是不能忽视的问题。
屏幕,píngmù,화면,명사,我觉得屏幕很重要，在生活中经常会用到。
看到,kàndào,보다/확인하다,동사,遇到这种情况的时候，我一般会先看到。
车道,chēdào,차선,명사,我平时很喜欢车道，因为又方便又好吃。
包括,bāokuò,포함하다,동사,为了提高效率，我每天都会包括。
过往,guòwǎng,지나가는/과거의,형용사,最近工作有点过往，所以大家都很累。
车辆,chēliàng,차량,명사,我平时很喜欢车辆，因为又方便又好吃。
适应度,shìyìngdù,적응도,명사,我觉得适应度很重要，在生活中经常会用到。
规制,guīzhì,규제/통제,명사,最近我常常跟朋友聊到规制这个话题。
工作人员,gōngzuò rényuán,직원,명사,我觉得工作人员很重要，遇到问题的时候可以帮助我们。
等候,děnghòu,대기하다,동사,为了提高效率，我每天都会等候。
挺,tǐng,꽤,부사,周末我挺会跟家人一起出去吃饭。
靠站,kào zhàn,(정류장에) 정차하다,동사,周末我喜欢在家靠站，因为这样更健康。
目的地,mùdìdì,목적지,명사,我觉得目的地很重要，在生活中经常会用到。
到了,dào le,도착했다,동사구,遇到这种情况的时候，我一般会先到了。
十年,shí nián,10년,명사,从我家到公司大概需要十年。
二十年,èrshí nián,20년,명사,从我家到公司大概需要二十年。
携带,xiédài,휴대하다,동사,遇到这种情况的时候，我一般会先携带。
现金,xiànjīn,현금,명사,对我来说，现金是不能忽视的问题。
金额,jīn’é,금액,명사,我觉得金额很重要，在生活中经常会用到。
最大,zuìdà,가장 크다,형용사,最近工作有点最大，所以大家都很累。
最,zuì,가장,부사,为了学好中文，我最会做一些笔记。
抢,qiǎng,강탈하다,동사,为了提高效率，我每天都会抢。
造成危险,zàochéng wēixiǎn,위험을 초래하다,동사구,遇到这种情况的时候，我一般会先造成危险。
正规,zhèngguī,정규의/공식적인,형용사,这家店的环境很正规，我很喜欢。
出租车公司,chūzūchē gōngsī,택시 회사,명사,我家附近就有出租车公司，所以生活很方便。
空间,kōngjiān,공간,명사,最近我常常跟朋友聊到空间这个话题。
铁质,tiězhì,철제,명사/형용사,对我来说，铁质是不能忽视的问题。
保证,bǎozhèng,보장하다,동사,为了提高效率，我每天都会保证。
扫码,sǎomǎ,QR코드 스캔하다,동사,遇到这种情况的时候，我一般会先扫码。
结账,jiézhàng,계산하다/결제하다,동사,下班以后，我常常在家结账。
现场直播,xiànchǎng zhíbō,라이브 방송,명사,我家附近就有现场直播，所以生活很方便。
上班高峰时间,shàngbān gāofēng shíjiān,출근 러시아워,명사구,在公司里，上班高峰时间很重要，会影响工作效率。
高峰时间,gāofēng shíjiān,러시아워,명사,对我来说，高峰时间是不能忽视的问题。
选字填空,xuǎn zì tiánkòng,글자 선택 빈칸 채우기,동사구,为了提高效率，我每天都会选字填空。
急,jí,급하다,형용사,最近工作有点急，所以大家都很累。
末,mò,끝,명사,对我来说，末是不能忽视的问题。
节假日,jiéjiàrì,공휴일,명사,我觉得节假日很重要，在生活中经常会用到。
挤,jǐ,붐비다,동사/형용사,遇到这种情况的时候，我一般会先挤。
并,bìng,전혀(부정 강조),부사,为了学好中文，我并会做一些笔记。
用,yòng,사용하다,동사,为了提高效率，我每天都会用。
说明,shuōmíng,설명하다,동사,遇到这种情况的时候，我一般会先说明。
股票,gǔpiào,주식,명사,从我家到公司大概需要股票。
买,mǎi,사다,동사,为了提高效率，我每天都会买。
卖,mài,팔다,동사,遇到这种情况的时候，我一般会先卖。
钱,qián,돈,명사,对我来说，钱是不能忽视的问题。
贵,guì,비싸다,형용사,我觉得这个办法很贵，值得试一试。
早,zǎo,일찍,부사,周末我早会跟家人一起出去吃饭。
知道,zhīdào,알다,동사,下班以后，我常常在家知道。
这样,zhèyàng,이렇게,대명사,我常常在说话的时候用到“这样”这个表达。
就,jiù,그러면/바로,부사,周末我就会跟家人一起出去吃饭。
调,tiáo,조정하다/옮기다,동사,下班以后，我常常在家调。
清场,qīngchǎng,퇴장시키다,동사,为了提高效率，我每天都会清场。
离开,líkāi,떠나다,동사,遇到这种情况的时候，我一般会先离开。
过来,guòlái,이쪽으로 오다,동사,下班以后，我常常在家过来。
吃饭,chīfàn,밥 먹다,동사,周末我喜欢在家吃饭，因为这样更健康。
保安,bǎo’ān,보안요원,명사,最近我常常跟朋友聊到保安这个话题。
场地,chǎngdì,장소,명사,对我来说，场地是不能忽视的问题。
安静,ānjìng,조용하다,형용사,我觉得这个办法很安静，值得试一试。
他们,tāmen,그들,대명사,我常常在说话的时候用到“他们”这个表达。
出,chū,(문제를) 내다,동사,遇到问题的时候，我们不能出，应该马上解决。
考试,kǎoshì,시험,명사,我觉得考试很重要，对学习汉语很有帮助。
题,tí,문제,명사,我觉得题不是好习惯，应该尽快改正。
见,jiàn,만나다,동사,下班以后，我常常在家见。
上有天堂下有苏杭,shàng yǒu tiān táng xià yǒu sū háng,위엔 천당 아래엔 소주·항저우,속담,从我家到公司大概需要上有天堂下有苏杭。
背锅,bēi guō,책임을 뒤집어쓰다,동사구,我家附近就有背锅，所以生活很方便。
甩,shuǎi,던지다/뿌리치다,동사,下班以后，我常常在家甩。
甩锅,shuǎi guō,책임을 떠넘기다,동사구,遇到问题的时候，我们不能甩锅，应该马上解决。
推给,tuī gěi,~에게 떠넘기다,동사,遇到问题的时候，我们不能推给，应该马上解决。
错误,cuòwù,잘못/오류,명사,对我来说，错误是不能忽视的问题。
因为,yīnwèi,왜냐하면,접속사,因为明天要考试，所以我今天不出去玩。
一开始,yì kāishǐ,처음에,부사구,我常常在说话的时候用到“一开始”这个表达。
先,xiān,먼저,부사,为了学好中文，我先会做一些笔记。
原材料,yuáncáiliào,원자재,명사,我觉得原材料很重要，在生活中经常会用到。
排队,páiduì,줄 서다,동사,遇到这种情况的时候，我一般会先排队。
原来,yuánlái,알고 보니/원래,부사,为了学好中文，我原来会做一些笔记。
有名,yǒumíng,유명하다,형용사,我觉得这个办法很有名，值得试一试。
挂着,guà zhe,달려 있다/걸려 있다,동사(+着),遇到这种情况的时候，我一般会先挂着。
饰品,shìpǐn,장식품/액세서리,명사,对我来说，饰品是不能忽视的问题。
书包,shūbāo,책가방,명사,我家附近就有书包，所以生活很方便。
各种各样,gèzhǒng gèyàng,다양하다,형용사구,我常常在说话的时候用到“各种各样”这个表达。
提到,tí dào,언급하다,동사,下班以后，我常常在家提到。
说到,shuō dào,~을 말하자면,동사,为了提高效率，我每天都会说到。
习惯于,xíguàn yú,~에 익숙하다,동사구,遇到这种情况的时候，我一般会先习惯于。
强调,qiángdiào,강조하다,동사,下班以后，我常常在家强调。
火锅,huǒguō,훠궈,명사,我觉得火锅很重要，在生活中经常会用到。
麻辣烫,málàtàng,마라탕,명사,最近我常常跟朋友聊到麻辣烫这个话题。
麻辣,málà,마라 맛(맵고 얼얼한),형용사,这家店的环境很麻辣，我很喜欢。
味道,wèidào,맛/냄새,명사,我觉得味道很重要，在生活中经常会用到。
口味,kǒuwèi,입맛,명사,最近我常常跟朋友聊到口味这个话题。
对……来说,duì……láishuō,~에게는/관점에서,개사구,我常常在说话的时候用到“对……来说”这个表达。
时间不长,shíjiān bù cháng,얼마 안 되다,형용사구,我常常在说话的时候用到“时间不长”这个表达。
当时,dāngshí,당시,명사/부사,最近我常常跟朋友聊到当时这个话题。
夏天,xiàtiān,여름,명사,对我来说，夏天是不能忽视的问题。
卫生间,wèishēngjiān,화장실,명사,我家附近就有卫生间，所以生活很方便。
奇怪,qíguài,이상하다,형용사,最近工作有点奇怪，所以大家都很累。
饭桌,fànzhuō,식탁,명사,对我来说，饭桌是不能忽视的问题。
椅子,yǐzi,의자,명사,我觉得椅子很重要，在生活中经常会用到。
……上,…shàng,~위에,방위사,我常常在说话的时候用到“……上”这个表达。
让,ràng,~하게 하다,동사,下班以后，我常常在家让。
不让,bù ràng,~하지 못하게 하다,동사,为了提高效率，我每天都会不让。
加班,jiābān,야근하다,동사,遇到这种情况的时候，我一般会先加班。
做家务,zuò jiāwù,집안일을 하다,동사구,我家附近就有做家务，所以生活很方便。
上司,shàngsī,상사,명사,我觉得上司很重要，遇到问题的时候可以帮助我们。
请,qǐng,~해 주세요(공손),동사/표현,从我家到公司大概需要请。
把,bǎ,~을(처리문),개사,我常常在说话的时候用到“把”这个表达。
讲完,jiǎng wán,끝까지 말하다,동사구,为了提高效率，我每天都会讲完。
寄送,jìsòng,발송하다/부치다,동사,遇到这种情况的时候，我一般会先寄送。
高速公路,gāosù gōnglù,고속도로,명사,对我来说，高速公路是不能忽视的问题。
摄像头,shèxiàngtóu,카메라(감시카메라),명사,我觉得摄像头很重要，在生活中经常会用到。
办公室,bàngōngshì,사무실,명사,最近我常常跟朋友聊到办公室这个话题。
走廊,zǒuláng,복도,명사,对我来说，走廊是不能忽视的问题。
监视,jiānshì,감시(하다),명사/동사,我觉得监视很重要，在生活中经常会用到。
手机,shǒujī,휴대폰,명사,我买东西的时候很重视手机，不会只看价格。
常用,chángyòng,자주 쓰이다/상용의,형용사,从我家到公司大概需要常用。
韩国语,Hánguóyǔ,한국어,명사,我觉得韩国语很重要，在生活中经常会用到。
汉语,Hànyǔ,중국어,명사,我觉得汉语很重要，对学习汉语很有帮助。
听过,tīngguo,들어본 적 있다,동사,下班以后，我常常在家听过。
呢,ne,화제 전환/반문 조사,조사,我觉得呢很重要，在生活中经常会用到。
是吗,shìma,그래요?/맞아요?,표현,最近我常常跟朋友聊到是吗这个话题。
对吗,duìma,맞나요?,표현,对我来说，对吗是不能忽视的问题。
去,qù,가다,동사,为了提高效率，我每天都会去。
中国,Zhōngguó,중국,명사,最近我常常跟朋友聊到中国这个话题。
之前,zhīqián,이전/전에,부사/명사,对我来说，之前是不能忽视的问题。
争取,zhēngqǔ,노력하여 얻다/쟁취하다,동사,为了提高效率，我每天都会争取。
学,xué,배우다,동사,遇到这种情况的时候，我一般会先学。
学会,xuéhuì,배워서 익히다(할 줄 알게 되다),동사,下班以后，我常常在家学会。
打,dǎ,(운동을) 하다,동사,为了提高效率，我每天都会打。
乒乓球,pīngpāngqiú,탁구,명사,最近我常常跟朋友聊到乒乓球这个话题。
写,xiě,작성하다/쓰다,동사,下班以后，我常常在家写。
写完,xiěwán,다 쓰다(완료),동사구,为了提高效率，我每天都会写完。
写好,xiěhǎo,잘 완성하다,동사구,遇到这种情况的时候，我一般会先写好。
发,fā,보내다,동사,下班以后，我常常在家发。
发给,fāgěi,~에게 보내다,동사구,为了提高效率，我每天都会发给。
细心,xìxīn,세심하다/꼼꼼하다,형용사,最近工作有点细心，所以大家都很累。
障碍,zhàng’ài,장애/방해,명사,我家附近就有障碍，所以生活很方便。
选择障碍,xuǎnzé zhàng’ài,선택장애,명사,我觉得选择障碍很重要，在生活中经常会用到。
嗓门,sǎngmén,목소리 크기/큰 목소리,명사,最近我常常跟朋友聊到嗓门这个话题。
直接,zhíjiē,직접/바로,부사/형용사,这家店的环境很直接，我很喜欢。
直播,zhíbō,라이브 방송(하다),명사/동사,我家附近就有直播，所以生活很方便。
带货,dàihuò,라이브 판매하다,동사,遇到这种情况的时候，我一般会先带货。
直播带货,zhíbō dàihuò,라이브커머스,명사/동사구,对我来说，直播带货是不能忽视的问题。
看过,kànguo,본 적 있다,동사,为了提高效率，我每天都会看过。
免税店,miǎnshuìdiàn,면세점,명사,最近我常常跟朋友聊到免税店这个话题。
偶像,ǒuxiàng,아이돌/우상,명사,对我来说，偶像是不能忽视的问题。
带出来,dài chūlái,가지고 나오다/알리다,동사구,为了提高效率，我每天都会带出来。
带火,dài huǒ,유행시키다/인기 있게 만들다,동사구,遇到这种情况的时候，我一般会先带火。
产品,chǎnpǐn,제품,명사,对我来说，产品是不能忽视的问题。
人气,rénqì,인기,명사,我觉得人气很重要，在生活中经常会用到。
变得,biàn de,~하게 변하다,동사구,遇到这种情况的时候，我一般会先变得。
所以,suǒyǐ,그래서,접속사,我常常在说话的时候用到“所以”这个表达。
线上,xiànshàng,온라인,명사,我觉得线上很重要，在生活中经常会用到。
线下,xiànxià,오프라인,명사,最近我常常跟朋友聊到线下这个话题。
结合,jiéhé,결합하다,동사,下班以后，我常常在家结合。
品牌,pǐnpái,브랜드,명사,我觉得品牌很重要，在生活中经常会用到。
比如说,bǐrú shuō,예를 들어,표현,最近我常常跟朋友聊到比如说这个话题。
知不知道,zhī bù zhīdào,알아요?/알고 있나요?,동사구,下班以后，我常常在家知不知道。
鲜,xiān,신선하다,형용사,我觉得这个办法很鲜，值得试一试。
生,shēng,날것/신선한 상태,명사/형용사,最近我常常跟朋友聊到生这个话题。
鲜生,xiānshēng,‘신선함’을 강조한 상호 표현,명사,对我来说，鲜生是不能忽视的问题。
老公,lǎogōng,남편,명사,我觉得老公很重要，遇到问题的时候可以帮助我们。
就行了,jiù xíng le,~하면 된다,표현,最近我常常跟朋友聊到就行了这个话题。
别,bié,~하지 마,부사,为了学好中文，我别会做一些笔记。
今年,jīnnián,올해,명사,我觉得今年很重要，在生活中经常会用到。
销售,xiāoshòu,판매,명사/동사,最近我常常跟朋友聊到销售这个话题。
实现,shíxiàn,달성하다/실현하다,동사,下班以后，我常常在家实现。
预计,yùjì,예상하다,동사,为了提高效率，我每天都会预计。
经济,jīngjì,경제,명사,最近我常常跟朋友聊到经济这个话题。
经营情况,jīngyíng qíngkuàng,경영 상황,명사,对我来说，经营情况是不能忽视的问题。
听说,tīngshuō,듣자 하니/~라고 들었다,동사,为了提高效率，我每天都会听说。
销售额,xiāoshòué,매출액,명사,最近我常常跟朋友聊到销售额这个话题。
左右,zuǒyòu,약/정도,부사/명사,对我来说，左右是不能忽视的问题。
我们,wǒmen,우리,대명사,我常常在说话的时候用到“我们”这个表达。
还,hái,아직,부사,周末我还会跟家人一起出去吃饭。
还有,hái yǒu,아직 있다,동사구,下班以后，我常常在家还有。
第一,dìyī,첫 번째,수사,我觉得第一很重要，在生活中经常会用到。
批,pī,물량/차례,양사,我常常在说话的时候用到“批”这个表达。
货物,huòwù,화물/물품,명사,对我来说，货物是不能忽视的问题。
打算,dǎsuàn,계획하다,동사,为了提高效率，我每天都会打算。
下个月,xià gè yuè,다음 달,명사,最近我常常跟朋友聊到下个月这个话题。
发货,fāhuò,출고하다/발송하다,동사,下班以后，我常常在家发货。
没问题,méi wèntí,문제없다,표현,我觉得没问题不是好习惯，应该尽快改正。
跟,gēn,~와/에게,개사,我常常在说话的时候用到“跟”这个表达。
聊,liáo,이야기하다,동사,下班以后，我常常在家聊。
聊一聊,liáo yì liáo,잠깐 이야기하다,동사구,为了提高效率，我每天都会聊一聊。
工作情况,gōngzuò qíngkuàng,업무 상황,명사,在公司里，工作情况很重要，会影响工作效率。
叫,jiào,부르다/시키다,동사,下班以后，我常常在家叫。
为了,wèile,~하기 위해,개사,为了提高汉语水平，我每天都会练习口语。
准备,zhǔnbèi,준비하다,동사,为了明天的会议，我今晚得好好准备。
事情,shìqing,일/사안,명사,对我来说，事情是不能忽视的问题。
三个人,sān gè rén,세 사람/3명,수량구,我常常在说话的时候用到“三个人”这个表达。
开会,kāihuì,회의하다,동사,为了提高工作效率，我上班以后会先开会。
的话,de huà,~하면/~라면,조사(구어표현),对我来说，的话是不能忽视的问题。
得,děi,~해야 한다/필요하다,조동사,为了提高效率，我每天都会得。
太多,tài duō,너무 많다,형용사/부사,最近工作有点太多，所以大家都很累。
达到,dádào,도달하다,동사,下班以后，我常常在家达到。
一定,yídìng,일정한/반드시,형용사/부사,我觉得这个办法很一定，值得试一试。
水平,shuǐpíng,수준,명사,最近我常常跟朋友聊到水平这个话题。
读,dú,읽다,동사,下班以后，我常常在家读。
能力,nénglì,능력,명사,我觉得能力很重要，在生活中经常会用到。
落后,luòhòu,뒤처지다/낙후되다,동사/형용사,遇到这种情况的时候，我一般会先落后。
不会,bù huì,~하지 못하다/하지 않을 것이다,조동사,下班以后，我常常在家不会。
进步,jìnbù,발전하다/진보,동사/명사,我觉得进步很重要，在生活中经常会用到。
学习,xuéxí,학습하다/공부하다,동사/명사,为了提高汉语水平，我每天晚上都会学习。
外语,wàiyǔ,외국어,명사,对我来说，外语是不能忽视的问题。
情况,qíngkuàng,상황,명사,我觉得情况很重要，在生活中经常会用到。
常常,chángcháng,자주,부사,从我家到公司大概需要常常。
阶梯,jiētī,계단/단계,명사,对我来说，阶梯是不能忽视的问题。
阶梯式,jiētīshì,계단식의,형용사,我觉得这个办法很阶梯式，值得试一试。
开始,kāishǐ,시작하다,동사,遇到这种情况的时候，我一般会先开始。
拼音,pīnyīn,병음,명사,对我来说，拼音是不能忽视的问题。
句子,jùzi,문장,명사,我觉得句子很重要，在生活中经常会用到。
程度,chéngdù,정도/단계,명사,最近我常常跟朋友聊到程度这个话题。
变化,biànhuà,변화,명사/동사,对我来说，变化是不能忽视的问题。
很长时间,hěn cháng shíjiān,아주 오랜 시간,명사구,从我家到公司大概需要很长时间。
带刀痕迹,dài dāo hénjì,칼로 베인 흔적(을 지니다),동사구,遇到这种情况的时候，我一般会先带刀痕迹。
痕迹,hénjì,흔적,명사,对我来说，痕迹是不能忽视的问题。
历史,lìshǐ,역사,명사,我觉得历史很重要，在生活中经常会用到。
留下来,liú xià lái,남기다/남겨지다,동사,遇到这种情况的时候，我一般会先留下来。
长城,Chángchéng,만리장성,명사,对我来说，长城是不能忽视的问题。
都是,dōu shì,모두 ~이다,부사구,我常常在说话的时候用到“都是”这个表达。
一些,yìxiē,일부/몇몇,수량사,我常常在说话的时候用到“一些”这个表达。
古坟,gǔfén,옛 무덤,명사,对我来说，古坟是不能忽视的问题。
古墓,gǔmù,고분/옛 무덤,명사,从我家到公司大概需要古墓。
华清池,Huáqīngchí,화청지(지명),명사,最近我常常跟朋友聊到华清池这个话题。
根本,gēnběn,전혀,부사,为了学好中文，我根本会做一些笔记。
解说员,jiěshuōyuán,해설원/가이드,명사,我觉得解说员很重要，在生活中经常会用到。
解说,jiěshuō,해설/설명하다,동사/명사,最近我常常跟朋友聊到解说这个话题。
什么都不知道,shénme dōu bù zhīdào,아무것도 모르다,동사구,下班以后，我常常在家什么都不知道。
好玩,hǎowán,재미있다,형용사,我觉得这个办法很好玩，值得试一试。
那么,nàme,그렇게/그만큼,부사,周末我那么会跟家人一起出去吃饭。
纯粹,chúncuì,순수하게/그냥,형용사/부사,这家店的环境很纯粹，我很喜欢。
坟墓,fénmù,무덤,명사,我觉得坟墓很重要，在生活中经常会用到。
行不行,xíng bù xíng,되겠니?/괜찮니?,의문표현,最近我常常跟朋友聊到行不行这个话题。
墙,qiáng,벽,명사,对我来说，墙是不能忽视的问题。
水,shuǐ,물/물기,명사,我觉得水很重要，在生活中经常会用到。
非常,fēicháng,매우,부사,周末我非常会跟家人一起出去吃饭。
潮湿,cháoshī,습하다/습기 차다,형용사,我平时很喜欢潮湿，因为又方便又好吃。
一个月,yí gè yuè,한 달,명사구,我觉得一个月很重要，在生活中经常会用到。
基本上,jīběnshàng,거의/대체로,부사,周末我基本上会跟家人一起出去吃饭。
天气,tiānqì,날씨,명사,对我来说，天气是不能忽视的问题。
没有,méiyǒu,없다/~하지 않았다,동사,为了提高效率，我每天都会没有。
香味,xiāngwèi,향기/향 냄새,명사,最近我常常跟朋友聊到香味这个话题。
好像,hǎoxiàng,~인 것 같다,부사,为了学好中文，我好像会做一些笔记。
上香,shàngxiāng,향을 피우다/올리다,동사,为了提高效率，我每天都会上香。
祭祀,jìsì,제사/제사를 지내다,명사/동사,最近我常常跟朋友聊到祭祀这个话题。
点着,diǎnzhe,불을 붙여 켜두다,동사,下班以后，我常常在家点着。
一根,yì gēn,한 개비(막대 수량),수량사구,我常常在说话的时候用到“一根”这个表达。
两根,liǎng gēn,두 개비,수량사구,我常常在说话的时候用到“两根”这个表达。
香,xiāng,향(향초),명사,对我来说，香是不能忽视的问题。
不知道,bù zhīdào,모르다,동사,为了提高效率，我每天都会不知道。
住得远,zhù de yuǎn,집이 멀다,형용사구,我常常在说话的时候用到“住得远”这个表达。
住得近,zhù de jìn,집이 가깝다,형용사구,我常常在说话的时候用到“住得近”这个表达。
开车,kāichē,차로 오다/운전하다,동사,周末我喜欢在家开车，因为这样更健康。
乘坐,chéngzuò,(교통수단을) 타다,동사,遇到这种情况的时候，我一般会先乘坐。
通勤,tōngqín,통근,명사,对我来说，通勤是不能忽视的问题。
班车,bānchē,셔틀버스/통근버스,명사,我很喜欢班车，因为可以放松心情，开阔眼界。
通勤班车,tōngqín bānchē,통근버스,명사,我很喜欢通勤班车，因为可以放松心情，开阔眼界。
上下班,shàngxiàbān,출퇴근하다,동사,为了提高工作效率，我上班以后会先上下班。
不可能,bù kěnéng,불가능하다,형용사,我觉得这个办法很不可能，值得试一试。
每位,měi wèi,각(사람을 세는 말),수량사,我常常在说话的时候用到“每位”这个表达。
员工,yuángōng,직원,명사,我觉得员工很重要，遇到问题的时候可以帮助我们。
设置,shèzhì,설치하다/배치하다,동사,为了提高效率，我每天都会设置。
停靠点,tíngkào diǎn,정차 지점,명사,我平时很喜欢停靠点，因为又方便又好吃。
菜,cài,요리/음식,명사,我平时很喜欢菜，因为又方便又好吃。
好吃,hǎochī,맛있다,형용사,我觉得这个办法很好吃，值得试一试。
满意,mǎnyì,만족하다/만족스럽다,형용사/동사,遇到这种情况的时候，我一般会先满意。
不过,búguò,다만/하지만,접속사,我常常在说话的时候用到“不过”这个表达。
外卖,wàimài,배달/테이크아웃,명사,我觉得外卖很重要，在生活中经常会用到。
种类,zhǒnglèi,종류,명사,最近我常常跟朋友聊到种类这个话题。
应该,yīnggāi,~해야 한다/~하는 게 좋다,조동사,下班以后，我常常在家应该。
盘子,pánzi,접시,명사,我觉得盘子很重要，在生活中经常会用到。
摆,bǎi,놓다/진열하다,동사,遇到这种情况的时候，我一般会先摆。
满满的,mǎnmǎn de,가득한,형용사,这家店的环境很满满的，我很喜欢。
吃的东西,chī de dōngxi,먹을 것,명사구,我觉得吃的东西很重要，在生活中经常会用到。
结束,jiéshù,끝나다/마감하다,동사,遇到这种情况的时候，我一般会先结束。
下课,xiàkè,수업이 끝나다,동사,为了提高汉语水平，我每天晚上都会下课。
才,cái,(늦게서야) 비로소,부사,我才会提前到公司准备资料。
拿到,ná dào,받다/손에 넣다,동사,遇到这种情况的时候，我一般会先拿到。
总结,zǒngjié,정리하다/총정리,동사/명사,对我来说，总结是不能忽视的问题。
结果,jiéguǒ,결과,명사,我觉得结果很重要，在生活中经常会用到。
成果,chéngguǒ,성과,명사,最近我常常跟朋友聊到成果这个话题。
结论,jiélùn,결론,명사,对我来说，结论是不能忽视的问题。
结构,jiégòu,구조,명사,我觉得结构很重要，在生活中经常会用到。
内容,nèiróng,내용,명사,最近我常常跟朋友聊到内容这个话题。
一下,yíxià,한 번/잠깐(완곡),보어,从我家到公司大概需要一下。
想办法,xiǎng bànfǎ,방법을 찾다/대책을 세우다,동사구,我家附近就有想办法，所以生活很方便。
限定,xiàndìng,제한하다,동사,遇到这种情况的时候，我一般会先限定。
成本,chéngběn,비용/원가,명사,对我来说，成本是不能忽视的问题。
降低,jiàngdī,낮추다/줄이다,동사,为了提高效率，我每天都会降低。
节约,jiéyuē,절약하다/절감하다,동사,遇到这种情况的时候，我一般会先节约。
现在,xiànzài,요즘/지금,명사/부사,对我来说，现在是不能忽视的问题。
年轻人,niánqīngrén,젊은 사람,명사,我觉得年轻人很重要，在生活中经常会用到。
喝,hē,마시다,동사,遇到这种情况的时候，我一般会先喝。
烧酒,shāojiǔ,소주,명사,从我家到公司大概需要烧酒。
丈母娘,zhàngmuniáng,장모,명사,我觉得丈母娘很重要，在生活中经常会用到。
岳母,yuèmǔ,장모(격식),명사,最近我常常跟朋友聊到岳母这个话题。
意思,yìsi,뜻/의미,명사,对我来说，意思是不能忽视的问题。
一样,yíyàng,같다,형용사,我觉得这个办法很一样，值得试一试。
想,xiǎng,~하고 싶다/생각하다,동사,遇到这种情况的时候，我一般会先想。
给,gěi,주다,동사,从我家到公司大概需要给。
压岁钱,yāsuìqián,세뱃돈,명사,我觉得压岁钱很重要，在生活中经常会用到。
太太,tàitai,아내(격식),명사,我觉得太太很重要，遇到问题的时候可以帮助我们。
可能,kěnéng,아마/가능성이 있다,부사/동사,下班以后，我常常在家可能。
能,néng,~할 수 있다,조동사,为了提高效率，我每天都会能。
一起,yìqǐ,함께,부사,周末我一起会跟家人一起出去吃饭。
感到,gǎndào,느끼다,동사,下班以后，我常常在家感到。
荣幸,róngxìng,영광이다/영광,형용사/명사,我觉得荣幸很重要，在生活中经常会用到。
马年,mǎnián,말의 해,명사,最近我常常跟朋友聊到马年这个话题。
祝,zhù,기원하다/축하하다,동사,下班以后，我常常在家祝。
像,xiàng,~처럼,전치사,我觉得像很重要，在生活中经常会用到。
奔跑,bēnpǎo,달리다,동사,遇到这种情况的时候，我一般会先奔跑。
健康,jiànkāng,건강하다/건강,형용사/명사,对我来说，健康是不能忽视的问题。
程序,chéngxù,절차/과정,명사,我平时很喜欢程序，因为又方便又好吃。
手续,shǒuxù,수속/행정 절차,명사,我平时很喜欢手续，因为又方便又好吃。
办理,bànlǐ,처리하다/수속하다,동사,下班以后，我常常在家办理。
练习,liànxí,연습하다/연습,동사/명사,我觉得练习很重要，在生活中经常会用到。
工资,gōngzī,월급/급여,명사,从我家到公司大概需要工资。
同事,tóngshì,동료,명사,我觉得同事很重要，遇到问题的时候可以帮助我们。
三五百,sān wǔ bǎi,3~5백(대략),수량구,我常常在说话的时候用到“三五百”这个表达。
其他,qítā,다른/기타,형용사,最近工作有点其他，所以大家都很累。
主要,zhǔyào,주로/주요한,부사/형용사,从我家到公司大概需要主要。
关系,guānxi,관계,명사,我觉得关系很重要，在生活中经常会用到。
几千,jǐ qiān,몇 천,수량구,我常常在说话的时候用到“几千”这个表达。
几百,jǐ bǎi,몇 백,수량구,我常常在说话的时候用到“几百”这个表达。
中国人,zhōngguó rén,중국 사람,명사,我觉得中国人很重要，在生活中经常会用到。
结婚,jiéhūn,결혼하다/결혼,동사/명사,最近我常常跟朋友聊到结婚这个话题。
红包,hóngbāo,홍바오(축의금 봉투),명사,对我来说，红包是不能忽视的问题。
办,bàn,치르다/열다/처리하다,동사,为了提高效率，我每天都会办。
饭店,fàndiàn,식당/호텔,명사,我家附近就有饭店，所以生活很方便。
家里,jiālǐ,집에서/집 안,명사/부사,我家附近就有家里，所以生活很方便。
课文,kèwén,본문,명사,我觉得课文很重要，在生活中经常会用到。
没什么,méi shénme,별로~없다,관용표현,我常常在说话的时候用到“没什么”这个表达。
进口车,jìnkǒu chē,수입차,명사,我平时很喜欢进口车，因为又方便又好吃。
当上,dāngshàng,~이 되다(직책을 맡다),동사구,为了提高效率，我每天都会当上。
为,wèi,~을 위해,전치사,最近我常常跟朋友聊到为这个话题。
做事情,zuò shìqing,일을 하다,동사구,下班以后，我常常在家做事情。
喜欢,xǐhuan,좋아하다,동사,为了提高效率，我每天都会喜欢。
支持,zhīchí,지지하다/지원,동사/명사,最近我常常跟朋友聊到支持这个话题。
选,xuǎn,뽑다/선택하다,동사,下班以后，我常常在家选。
生活,shēnghuó,생활,명사,我觉得生活很重要，在生活中经常会用到。
条件,tiáojiàn,조건/환경,명사,最近我常常跟朋友聊到条件这个话题。
好了,hǎo le,좋아지다(상태변화),형용사+조사,这家店的环境很好了，我很喜欢。
住,zhù,살다/거주하다,동사,从我家到公司大概需要住。
住上,zhùshàng,살게 되다(결과),동사구,遇到这种情况的时候，我一般会先住上。
楼房,lóufáng,아파트/층 있는 건물,명사,对我来说，楼房是不能忽视的问题。
姓氏,xìngshì,성씨,명사,我觉得姓氏很重要，在生活中经常会用到。
发音,fāyīn,발음,명사,我觉得发音很重要，对学习汉语很有帮助。
可惜,kěxī,아깝다/안타깝다,형용사,这家店的环境很可惜，我很喜欢。
保健品,bǎojiànpǐn,건강보조식품,명사,我觉得保健品很重要，在生活中经常会用到。
保持,bǎochí,유지하다,동사,遇到这种情况的时候，我一般会先保持。
吵,chǎo,시끄럽다/떠들다,형용사/동사,下班以后，我常常在家吵。
赶紧,gǎnjǐn,서둘러/빨리,부사,我赶紧会提前到公司准备资料。
督促,dūcù,재촉하다/독촉하다,동사,遇到这种情况的时候，我一般会先督促。
几分,jǐ fēn,몇 퍼센트(몇 분),수량구,我常常在说话的时候用到“几分”这个表达。
含,hán,함유하다,동사,为了提高效率，我每天都会含。
含量,hánliàng,함량,명사,最近我常常跟朋友聊到含量这个话题。
多少,duōshao,얼마/몇,의문사,我常常在说话的时候用到“多少”这个表达。
酒精,jiǔjīng,알코올,명사,我觉得酒精很重要，在生活中经常会用到。
长,cháng/zhǎng,길다/자라다/우두머리,형용사/동사/명사,我出差的时候常常要长，已经习惯了。
科长,kēzhǎng,과장,명사,对我来说，科长是不能忽视的问题。
副长,fùzhǎng,부장/부책임자,명사,我觉得副长很重要，遇到问题的时候可以帮助我们。
长辈,zhǎngbèi,연장자/어른,명사,最近我常常跟朋友聊到长辈这个话题。
长大,zhǎngdà,자라다/성장하다,동사,下班以后，我常常在家长大。
理解,lǐjiě,이해하다,동사,刚开始有点难，但是现在我慢慢理解了。
离婚,líhūn,이혼하다/이혼,동사/명사,最近我常常跟朋友聊到离婚这个话题。
原因,yuányīn,원인,명사,对我来说，原因是不能忽视的问题。
客观,kèguān,객관적인,형용사,我觉得这个办法很客观，值得试一试。
事实,shìshí,사실,명사,最近我常常跟朋友聊到事实这个话题。
爱人,àirén,배우자,명사,对我来说，爱人是不能忽视的问题。
抽烟,chōuyān,담배 피우다,동사,为了提高效率，我每天都会抽烟。
喝酒,hējiǔ,술 마시다,동사,周末我喜欢在家喝酒，因为这样更健康。
受不了,shòu bu liǎo,못 견디다,동사구,下班以后，我常常在家受不了。
包车,bāochē,기사 포함 대절하다,동사,为了提高效率，我每天都会包车。
租车,zūchē,렌트하다,동사,遇到这种情况的时候，我一般会先租车。
开过来,kāi guòlái,운전해서 가져오다,동사구,下班以后，我常常在家开过来。
优先,yōuxiān,우선하다/우선적으로,부사/동사,为了提高效率，我每天都会优先。
满足,mǎnzú,충족시키다,동사,遇到这种情况的时候，我一般会先满足。
忽视,hūshì,무시하다,동사,下班以后，我常常在家忽视。
及时,jíshí,제때,부사,我及时会提前到公司准备资料。
采取措施,cǎiqǔ cuòshī,조치를 취하다,동사구,遇到这种情况的时候，我一般会先采取措施。
不满意,bù mǎnyì,불만이다,형용사,这家店的环境很不满意，我很喜欢。
幸亏,xìngkuī,다행히,부사,我幸亏会提前到公司准备资料。
不然,bùrán,그렇지 않으면,접속사,我常常在说话的时候用到“不然”这个表达。
否则,fǒuzé,그렇지 않으면,접속사,我常常在说话的时候用到“否则”这个表达。
要不然,yàobùrán,그렇지 않으면,접속사,我常常在说话的时候用到“要不然”这个表达。
提前,tíqián,미리,부사,周末我提前会跟家人一起出去吃饭。
生气,shēngqì,화내다,동사,下班以后，我常常在家生气。
发脾气,fā píqì,성질내다,동사구,为了提高效率，我每天都会发脾气。
类似,lèisì,비슷하다,형용사,最近工作有点类似，所以大家都很累。
定位,dìngwèi,위치 설정,동사/명사,对我来说，定位是不能忽视的问题。
供应,gōngyìng,공급하다/공급,동사/명사,我觉得供应很重要，在生活中经常会用到。
不足,bùzú,부족하다,형용사,我觉得不足不是好习惯，应该尽快改正。
供过于求,gōng guò yú qiú,공급 과잉,성어,我常常在说话的时候用到“供过于求”这个表达。
供不应求,gōng bù yìng qiú,수요 초과,성어,我常常在说话的时候用到“供不应求”这个表达。
不管,bùguǎn,상관하지 않다/~에 관계없이,동사/접속사,我常常在说话的时候用到“不管”这个表达。
淡定,dàndìng,침착하다,형용사,这家店的环境很淡定，我很喜欢。
准确,zhǔnquè,정확하다,형용사,我觉得这个办法很准确，值得试一试。
从早到晚,cóng zǎo dào wǎn,아침부터 밤까지,부사구,我常常在说话的时候用到“从早到晚”这个表达。
没有精神,méiyǒu jīngshén,기운이 없다/정신이 없다,동사구,下班以后，我常常在家没有精神。
精神,jīngshén,정신/기운,명사,我觉得精神很重要，在生活中经常会用到。
明天,míngtiān,내일,명사,最近我常常跟朋友聊到明天这个话题。
上课,shàngkè,수업에 가다/수업하다,동사,为了提高汉语水平，我每天晚上都会上课。
打起精神来,dǎqǐ jīngshén lái,정신 차리다/기운 내다,동사구,周末我喜欢在家打起精神来，因为这样更健康。
整理,zhěnglǐ,정리하다,동사,遇到这种情况的时候，我一般会先整理。
行李,xínglǐ,짐,명사,对我来说，行李是不能忽视的问题。
整理行李,zhěnglǐ xínglǐ,짐을 정리하다,동사구,为了提高效率，我每天都会整理行李。
疫情,yìqíng,전염병/코로나,명사,最近我常常跟朋友聊到疫情这个话题。
害怕,hàipà,무서워하다,동사,下班以后，我常常在家害怕。
打喷嚏,dǎ pēntì,재채기하다,동사구,为了提高效率，我每天都会打喷嚏。
问一问,wèn yí wèn,한 번 물어보다,동사구,从我家到公司大概需要问一问。
打听,dǎting,알아보다/탐문하다,동사,下班以后，我常常在家打听。
打扰一下,dǎrǎo yíxià,잠깐 실례합니다,표현,我觉得打扰一下很重要，在生活中经常会用到。
回到,huí dào,~로 돌아가다,동사,遇到这种情况的时候，我一般会先回到。
刚才,gāngcái,방금/아까,부사,我家附近就有刚才，所以生活很方便。
话题,huàtí,화제/주제,명사,从我家到公司大概需要话题。
说的有点远,shuō de yǒudiǎn yuǎn,말이 좀 샜다/주제에서 벗어나다,표현,从我家到公司大概需要说的有点远。
讨论,tǎolùn,논의하다,동사,这个问题很重要，我们明天开会再讨论吧。
来,lái,(주문 시) 주세요/가져오다,동사,从我家到公司大概需要来。
一打,yì dǎ,한 다스(12개),수량사,我常常在说话的时候用到“一打”这个表达。
啤酒,píjiǔ,맥주,명사,从我家到公司大概需要啤酒。
瓶,píng,병(단위),양사,我常常在说话的时候用到“瓶”这个表达。
形象,xíngxiàng,이미지/인상,명사,最近我常常跟朋友聊到形象这个话题。
品牌形象,pǐnpái xíngxiàng,브랜드 이미지,명사,对我来说，品牌形象是不能忽视的问题。
塑造,sùzào,구축하다/형성하다,동사,为了提高效率，我每天都会塑造。
广告,guǎnggào,광고,명사,最近我常常跟朋友聊到广告这个话题。
吸引,xīyǐn,유치하다/끌어당기다,동사,下班以后，我常常在家吸引。
吸引力,xīyǐnlì,매력/흡인력,명사,我觉得吸引力很重要，在生活中经常会用到。
目标客户,mùbiāo kèhù,목표 고객/타깃 고객,명사,我觉得目标客户很重要，遇到问题的时候可以帮助我们。
放鞭炮,fàng biānpào,폭죽을 터뜨리다,동사구,下班以后，我常常在家放鞭炮。
鞭炮,biānpào,폭죽,명사,我觉得鞭炮很重要，在生活中经常会用到。
热闹,rènào,떠들썩하다/활기차다,형용사,我平时很喜欢热闹，因为又方便又好吃。
气氛,qìfēn,분위기,명사,从我家到公司大概需要气氛。
吵得…,chǎo de…,~해서 …하다,결과보어구,我觉得吵得…很重要，在生活中经常会用到。
睡不着,shuì bu zháo,잠이 안 오다,동사구,遇到这种情况的时候，我一般会先睡不着。
老师,lǎoshī,선생님,명사,对我来说，老师是不能忽视的问题。
能不能,néng bu néng,~할 수 있나요,조동사구,为了提高效率，我每天都会能不能。
麻烦,máfan,부탁하다/폐를 끼치다,동사,遇到这种情况的时候，我一般会先麻烦。
收到,shōudào,받다,동사,下班以后，我常常在家收到。
礼物,lǐwù,선물,명사,我觉得礼物很重要，在生活中经常会用到。
快递,kuàidì,택배,명사,最近我常常跟朋友聊到快递这个话题。
网上,wǎngshàng,온라인/인터넷상,명사/부사,我买东西的时候很重视网上，不会只看价格。
东西,dōngxi,물건,명사,我觉得东西很重要，在生活中经常会用到。
两三,liǎng sān,2~3(대략),수량구,我常常在说话的时候用到“两三”这个表达。
天,tiān,일/하루,명사,对我来说，天是不能忽视的问题。
地址,dìzhǐ,주소,명사,从我家到公司大概需要地址。
收货地址,shōuhuò dìzhǐ,배송지 주소,명사,从我家到公司大概需要收货地址。
堵车,dǔchē,교통체증이다/차가 막히다,동사,周末我喜欢在家堵车，因为这样更健康。
堵,dǔ,막히다/막다,동사,为了提高效率，我每天都会堵。
怀疑,huáiyí,의심하다,동사,遇到这种情况的时候，我一般会先怀疑。
人生,rénshēng,인생,명사,对我来说，人生是不能忽视的问题。
怀疑人生,huáiyí rénshēng,현타 오다/멘탈 흔들리다(구어),동사구,为了提高效率，我每天都会怀疑人生。
早上,zǎoshang,아침,명사,最近我常常跟朋友聊到早上这个话题。
简直,jiǎnzhí,정말/진짜(강조),부사,为了学好中文，我简直会做一些笔记。
会,huì,~할 것이다/가능하다,조동사,为了提高效率，我每天都会会。
抽时间,chōu shíjiān,시간을 내다/짜내다,동사구,从我家到公司大概需要抽时间。
抽空,chōu kòng,틈을 내다,동사구,下班以后，我常常在家抽空。
抽出,chōuchū,뽑아내다/꺼내다,동사,我觉得抽出很重要，遇到问题的时候可以帮助我们。
百忙之中,bǎimáng zhī zhōng,몹시 바쁜 와중에,관용표현,我常常在说话的时候用到“百忙之中”这个表达。
感谢,gǎnxiè,감사하다,동사,下班以后，我常常在家感谢。
客户,kèhù,고객,명사,我觉得客户很重要，遇到问题的时候可以帮助我们。
提出,tíchū,제기하다/提出하다,동사,遇到这种情况的时候，我一般会先提出。
要求,yāoqiú,요구,명사/동사,对我来说，要求是不能忽视的问题。
尽量,jǐnliàng,최대한,부사,我尽量会提前到公司准备资料。
多忙,duō máng,얼마나 바쁘든,표현,最近我常常跟朋友聊到多忙这个话题。
高不高,gāo bù gāo,높든 낮든,표현,对我来说，高不高是不能忽视的问题。
辞职,cízhí,사직하다/퇴사하다,동사,为了提高效率，我每天都会辞职。
多大,duō dà,몇 살/얼마나 큰,의문사,我常常在说话的时候用到“多大”这个表达。
你多大,nǐ duō dà,몇 살이야?,표현,对我来说，你多大是不能忽视的问题。
大家,dàjiā,모두/여러분,명사,从我家到公司大概需要大家。
累,lèi,피곤하다,형용사,最近工作有点累，所以大家都很累。
不能,bù néng,~할 수 없다,조동사,下班以后，我常常在家不能。
再,zài,다시/더 이상,부사,我再会提前到公司准备资料。
开,kāi,열다/개최하다,동사,遇到这种情况的时候，我一般会先开。
下去,xiàqù,계속하다(지속),방향보어,对我来说，下去是不能忽视的问题。
了,le,상태 변화/완료,조사,我觉得了很重要，在生活中经常会用到。
攀岩,pānyán,암벽등반,명사/동사,最近我常常跟朋友聊到攀岩这个话题。
力气,lìqi,힘/체력,명사,对我来说，力气是不能忽视的问题。
团建,tuánjiàn,팀빌딩/단합 활동,명사,我觉得团建很重要，在生活中经常会用到。
团队建设,tuánduì jiànshè,팀워크 형성,명사,最近我常常跟朋友聊到团队建设这个话题。
主题培训,zhǔtí péixùn,주제 교육,명사,从我家到公司大概需要主题培训。
专题,zhuāntí,전문 주제,명사,从我家到公司大概需要专题。
技能培训,jìnéng péixùn,기술 교육,명사,我平时很喜欢技能培训，因为又方便又好吃。
社区,shèqū,지역사회/동네,명사,对我来说，社区是不能忽视的问题。
清洁,qīngjié,청소하다/깨끗하다,동사/형용사,下班以后，我常常在家清洁，然后早点休息。
环保,huánbǎo,환경 보호,명사,最近我常常跟朋友聊到环保这个话题。
水乡,shuǐxiāng,수향/물가 마을,명사,对我来说，水乡是不能忽视的问题。
农村,nóngcūn,농촌,명사,我觉得农村很重要，在生活中经常会用到。
景点,jǐngdiǎn,관광지/명소,명사,最近我常常跟朋友聊到景点这个话题。
资格证,zīgézhèng,자격증,명사,对我来说，资格证是不能忽视的问题。
充实,chōngshí,충실하다/알차다,형용사,我平时很喜欢充实，因为又方便又好吃。
烘焙,hōngbèi,베이킹/제과제빵,명사/동사,周末我喜欢在家烘焙，因为这样更健康。
饼干,bǐnggān,쿠키/비스킷,명사,对我来说，饼干是不能忽视的问题。
学无止境,xué wú zhǐ jìng,배움에는 끝이 없다,성어,我常常在说话的时候用到“学无止境”这个表达。
活到老学到老,huó dào lǎo xué dào lǎo,늙을 때까지 배우다,성어,我常常在说话的时候用到“活到老学到老”这个表达。
拓展活动,tuòzhǎn huódòng,체험/팀빌딩 활동,명사,对我来说，拓展活动是不能忽视的问题。
户外,hùwài,야외,명사/형용사,我觉得户外很重要，在生活中经常会用到。
春节期间,chūnjié qījiān,춘절 기간,명사구,最近我常常跟朋友聊到春节期间这个话题。
丰富多彩,fēngfù duōcǎi,다채롭고 풍부하다,형용사,这家店的环境很丰富多彩，我很喜欢。
配合,pèihé,협조하다/협력하다,동사,为了提高效率，我每天都会配合。
来 + 동사,lái,~하기 위해/~하는 방식으로,문법,我常常在说话的时候用到“来 + 동사”这个表达。
一直 + 동사,yìzhí,계속 ~하다,문법,我常常在说话的时候用到“一直 + 동사”这个表达。
既…又…,jì…yòu…,~하면서 동시에 ~하다,문법,这家饭店又干净又好吃，我很喜欢。
绩效,jìxiào,업무 성과/성과 평가,명사,在公司里，绩效很重要，会影响工作效率。
绩效考核,jìxiào kǎohé,성과 평가,명사,对我来说，绩效考核是不能忽视的问题。
进行 + 명사,jìnxíng…,~을 진행하다,문법,我常常在说话的时候用到“进行 + 명사”这个表达。
成员,chéngyuán,구성원/멤버,명사,最近我常常跟朋友聊到成员这个话题。
应对,yìngduì,대처하다/대응하다,동사,下班以后，我常常在家应对。
到位,dàowèi,제대로 이루어지다/필요한 상태에 도달하다,동사/형용사,为了提高效率，我每天都会到位。
计划,jìhuà,계획/계획하다,명사/동사,最近我常常跟朋友聊到计划这个话题。
跟进,gēnjìn,진행 상황을 계속 확인하다/후속 관리하다,동사,为了提高工作效率，我上班以后会先跟进。
落实,luòshí,실행하다/구체적으로 시행하다,동사,为了提高效率，我每天都会落实。
自动化,zìdònghuà,자동화,명사/동사,最近我常常跟朋友聊到自动化这个话题。
数据,shùjù,데이터,명사,对我来说，数据是不能忽视的问题。
对…有帮助,duì… yǒu bāngzhù,~에 도움이 되다,표현,我觉得对…有帮助很重要，在生活中经常会用到。
因为…所以…,yīnwèi… suǒyǐ…,왜냐하면 ~ 그래서 ~이다,문법,因为明天要考试，所以我今天不出去玩。
做出决定,zuòchū juédìng,결정을 내리다,동사구,下班以后，我常常在家做出决定。
资源,zīyuán,자원,명사,我觉得资源很重要，在生活中经常会用到。
丰富,fēngfù,풍부하다,형용사,最近工作有点丰富，所以大家都很累。
资源丰富,zīyuán fēngfù,자원이 풍부하다,표현,对我来说，资源丰富是不能忽视的问题。
资金,zījīn,자금/자본,명사,我觉得资金很重要，在生活中经常会用到。
信任,xìnrèn,신뢰/믿다,명사/동사,最近我常常跟朋友聊到信任这个话题。
…都是…,dōu shì…,모두 ~이다,문법,我常常在说话的时候用到“…都是…”这个表达。
承认,chéngrèn,인정하다,동사,为了提高效率，我每天都会承认。
否认,fǒurèn,부인하다/인정하지 않다,동사,遇到这种情况的时候，我一般会先否认。
反义词,fǎnyìcí,반의어,명사,对我来说，反义词是不能忽视的问题。
项目,xiàngmù,프로젝트/사업,명사,在公司里，项目很重要，会影响工作效率。
一直,yìzhí,계속/줄곧,부사,周末我一直会跟家人一起出去吃饭。
没有 + 동사,méiyǒu…,~하지 않았다/~없다,문법,我常常在说话的时候用到“没有 + 동사”这个表达。
详细,xiángxì,자세하다/상세하다,형용사,我觉得这个办法很详细，值得试一试。
细化,xìhuà,세분화하다/구체화하다,동사,从我家到公司大概需要细化。
具体,jùtǐ,구체적이다,형용사,这家店的环境很具体，我很喜欢。
把 + 명사 + 동사,bǎ…,~을 처리하거나 변화시키는 처치문,문법,我常常在说话的时候用到“把 + 명사 + 동사”这个表达。
展览,zhǎnlǎn,전시하다/전시,동사/명사,最近我常常跟朋友聊到展览这个话题。
保管,bǎoguǎn,보관하다/관리하다,동사,为了提高工作效率，我上班以后会先保管。
事件,shìjiàn,사건,명사,我觉得事件很重要，在生活中经常会用到。
特点,tèdiǎn,특징,명사,最近我常常跟朋友聊到特点这个话题。
同时,tóngshí,동시에,부사,为了学好中文，我同时会做一些笔记。
电动汽车,diàndòng qìchē,전기자동차,명사,我平时很喜欢电动汽车，因为又方便又好吃。
省钱,shěngqián,돈을 절약하다,동사,遇到这种情况的时候，我一般会先省钱。
保护,bǎohù,보호하다,동사,下班以后，我常常在家保护。
完成,wánchéng,완성하다/완료하다,동사,我已经完成今天的作业了，可以休息了。
发起,fāqǐ,시작하다/발기하다,동사,遇到这种情况的时候，我一般会先发起。
以上,yǐshàng,이상/위의,명사/형용사,对我来说，以上是不能忽视的问题。
意见,yìjiàn,의견,명사,我觉得意见很重要，在生活中经常会用到。
决定,juédìng,결정하다/결정,동사/명사,我决定从下个月开始认真减肥。
执行,zhíxíng,실행하다/집행하다,동사,我家附近就有执行，所以生活很方便。
接下来,jiēxiàlái,다음으로/이어서,부사,我接下来会提前到公司准备资料。
近期,jìnqī,최근/근래,명사,最近我常常跟朋友聊到近期这个话题。
汇报,huìbào,보고하다,동사,为了提高工作效率，我上班以后会先汇报。
安排,ānpái,배치하다/안배하다,동사,这次出差的时间已经安排好了。
出来 + 동사,chūlái,나와서 ~하다,문법,我常常在说话的时候用到“出来 + 동사”这个表达。
由…完成,yóu…,~에 의해 ~되다,문법,我常常在说话的时候用到“由…完成”这个表达。
如果…,rúguǒ…,만약 ~라면,문법,如果你有问题，可以随时给我打电话。
按…,àn…,~에 따라/~대로,문법,我常常在说话的时候用到“按…”这个表达。
由…负责,yóu…,~이 책임지다,문법,我常常在说话的时候用到“由…负责”这个表达。
扩大,kuòdà,확대하다,동사,为了提高效率，我每天都会扩大。
数量,shùliàng,수량,명사,最近我常常跟朋友聊到数量这个话题。
范围,fànwéi,범위,명사,对我来说，范围是不能忽视的问题。
规模,guīmó,규모,명사,我觉得规模很重要，在生活中经常会用到。
影响,yǐngxiǎng,영향/영향을 미치다,명사/동사,最近我常常跟朋友聊到影响这个话题。
投资,tóuzī,투자하다/투자,동사/명사,对我来说，投资是不能忽视的问题。
拓展,tuòzhǎn,확장하다/개척하다,동사,为了提高效率，我每天都会拓展。
市场,shìchǎng,시장,명사,最近我常常跟朋友聊到市场这个话题。
业务,yèwù,업무/사업,명사,在公司里，业务很重要，会影响工作效率。
渠道,qúdào,경로/유통 채널,명사,我觉得渠道很重要，在生活中经常会用到。
海外,hǎiwài,해외,명사,最近我常常跟朋友聊到海外这个话题。
需要,xūyào,필요하다,동사,下班以后，我常常在家需要。
普及,pǔjí,보급하다,동사,为了提高效率，我每天都会普及。
教育,jiàoyù,교육,명사,最近我常常跟朋友聊到教育这个话题。
法律,fǎlǜ,법률,명사,对我来说，法律是不能忽视的问题。
电脑,diànnǎo,컴퓨터,명사,我买东西的时候很重视电脑，不会只看价格。
科学,kēxué,과학,명사,最近我常常跟朋友聊到科学这个话题。
高档,gāodàng,고급의,형용사,这家店的环境很高档，我很喜欢。
商品,shāngpǐn,상품,명사,我觉得商品很重要，在生活中经常会用到。
消费,xiāofèi,소비,명사/동사,最近我常常跟朋友聊到消费这个话题。
需求,xūqiú,수요,명사,对我来说，需求是不能忽视的问题。
推出,tuīchū,출시하다,동사,为了提高效率，我每天都会推出。
系列,xìliè,시리즈,명사,最近我常常跟朋友聊到系列这个话题。
高端,gāoduān,고급의/하이엔드,형용사,这家店的环境很高端，我很喜欢。
智能,zhìnéng,스마트/지능형,형용사,我觉得这个办法很智能，值得试一试。
阶段,jiēduàn,단계,명사,最近我常常跟朋友聊到阶段这个话题。
企业,qǐyè,기업,명사,对我来说，企业是不能忽视的问题。
成为,chéngwéi,~이 되다,동사,为了提高效率，我每天都会成为。
先进,xiānjìn,선진적이다/앞서 있다,형용사,最近工作有点先进，所以大家都很累。
表达,biǎodá,표현하다,동사,下班以后，我常常在家表达。
想法,xiǎngfǎ,생각/의견,명사,我觉得想法很重要，在生活中经常会用到。
欢迎 + 人 + 动词,huānyíng…,~이 ~하는 것을 환영하다,문법,我常常在说话的时候用到“欢迎 + 人 + 动词”这个表达。
整体,zhěngtǐ,전체의/전반적인,형용사,这家店的环境很整体，我很喜欢。
表现,biǎoxiàn,성과/업무 수행,명사,在公司里，表现很重要，会影响工作效率。
面谈,miàntán,면담하다/면담,동사/명사,最近我常常跟朋友聊到面谈这个话题。
让 + 人 + 动词,ràng…,~에게 ~하게 하다,문법,我常常在说话的时候用到“让 + 人 + 动词”这个表达。
在…之前,zài… zhīqián,~하기 전에,문법,我常常在说话的时候用到“在…之前”这个表达。
怎么看…,zěnme kàn…,~을 어떻게 평가하다/생각하다,표현,最近我常常跟朋友聊到怎么看…这个话题。
任务,rènwu,임무/업무,명사,在公司里，任务很重要，会影响工作效率。
项,xiàng,항목을 세는 양사,양사,我常常在说话的时候用到“项”这个表达。
基本,jīběn,기본적으로/대체로,부사/형용사,最近工作有点基本，所以大家都很累。
都…了,dōu…le,이미 모두 ~했다,문법,我常常在说话的时候用到“都…了”这个表达。
出现,chūxiàn,나타나다/발생하다,동사,为了提高效率，我每天都会出现。
方面,fāngmiàn,방면/부분,명사,从我家到公司大概需要方面。
下半年,xià bànnián,하반기,명사,对我来说，下半年是不能忽视的问题。
没 + 动词,méi…,~하지 않았다(과거 부정),문법,我常常在说话的时候用到“没 + 动词”这个表达。
还有…,hái yǒu…,아직 ~가 남아 있다,표현,最近我常常跟朋友聊到还有…这个话题。
方法,fāngfǎ,방법,명사,我家附近就有方法，所以生活很方便。
改善,gǎishàn,개선하다/좋아지게 하다,동사,为了提高效率，我每天都会改善。
从…开始,cóng… kāishǐ,~부터 시작하다,문법,我常常在说话的时候用到“从…开始”这个表达。
进入,jìnrù,들어가다/진입하다,동사,下班以后，我常常在家进入。
第三,dì sān,세 번째,수사,我觉得第三很重要，在生活中经常会用到。
客观事实,kèguān shìshí,객관적 사실,명사,最近我常常跟朋友聊到客观事实这个话题。
成语,chéngyǔ,성어/관용구,명사,对我来说，成语是不能忽视的问题。
画饼充饥,huà bǐng chōng jī,실현되지 않는 희망으로 위로하다(허황된 약속),성어,我常常在说话的时候用到“画饼充饥”这个表达。
画饼,huà bǐng,허황된 약속/실현 가능성 없는 계획,표현,最近我常常跟朋友聊到画饼这个话题。
饥,jī,굶주림/배고픔,명사,从我家到公司大概需要饥。
饥饿,jī’è,배고프다/굶주리다,형용사,从我家到公司大概需要饥饿。
怎么办,zěnme bàn,어떻게 하다/어떻게 해야 하나,표현,最近我常常跟朋友聊到怎么办这个话题。
好像…一样,hǎoxiàng… yíyàng,마치 ~인 것 같다,문법,我常常在说话的时候用到“好像…一样”这个表达。
鼓励,gǔlì,격려하다/격려,동사/명사,我觉得鼓励很重要，在生活中经常会用到。
承诺,chéngnuò,약속하다/약속,동사/명사,最近我常常跟朋友聊到承诺这个话题。
取得,qǔdé,얻다/이루다/달성하다,동사,下班以后，我常常在家取得。
成绩,chéngjì,성과/성적,명사,我觉得成绩很重要，在生活中经常会用到。
与,yǔ,~와/그리고(격식 표현),접속사,我常常在说话的时候用到“与”这个表达。
第四,dì sì,네 번째,수사,对我来说，第四是不能忽视的问题。
测试,cèshì,시험/테스트,명사,我觉得测试很重要，对学习汉语很有帮助。
官方,guānfāng,공식적인,형용사,最近工作有点官方，所以大家都很累。
语言,yǔyán,언어,명사,对我来说，语言是不能忽视的问题。
圣旨,shèngzhǐ,황제의 명령/칙서,명사,我觉得圣旨很重要，在生活中经常会用到。
皇帝,huángdì,황제,명사,最近我常常跟朋友聊到皇帝这个话题。
王,wáng,왕,명사,对我来说，王是不能忽视的问题。
网购,wǎnggòu,온라인 쇼핑,명사,我觉得网购很重要，在生活中经常会用到。
好处,hǎochù,장점/이익,명사,最近我常常跟朋友聊到好处这个话题。
冲动,chōngdòng,충동,명사,对我来说，冲动是不能忽视的问题。
冲动购物,chōngdòng gòuwù,충동구매,명사,我觉得冲动购物很重要，在生活中经常会用到。
客服,kèfú,고객센터/고객서비스,명사,我觉得客服很重要，遇到问题的时候可以帮助我们。
态度,tàidu,태도,명사,对我来说，态度是不能忽视的问题。
处理,chǔlǐ,처리하다,동사,这个问题比较复杂，我们得冷静处理。
服务,fúwù,서비스,명사/동사,最近我常常跟朋友聊到服务这个话题。
售后服务,shòuhòu fúwù,애프터서비스,명사,对我来说，售后服务是不能忽视的问题。
服务中心,fúwù zhōngxīn,서비스센터,명사,我觉得服务中心很重要，在生活中经常会用到。
链接,liànjiē,링크,명사,最近我常常跟朋友聊到链接这个话题。
现货,xiànhuò,재고 상품,명사,对我来说，现货是不能忽视的问题。
热烈,rèliè,열렬한/뜨거운,형용사,我觉得这个办法很热烈，值得试一试。
秒光,miǎo guāng,순식간에 매진되다,동사,遇到这种情况的时候，我一般会先秒光。
初中,chūzhōng,중학교,명사,我家附近就有初中，所以生活很方便。
高中,gāozhōng,고등학교,명사,我家附近就有高中，所以生活很方便。
中考,zhōngkǎo,중학교 입학시험,명사,我家附近就有中考，所以生活很方便。
小学,xiǎoxué,초등학교,명사,我家附近就有小学，所以生活很方便。
微信群,Wēixìn qún,위챗 단체방,명사,我家附近就有微信群，所以生活很方便。
家长,jiāzhǎng,학부모,명사,最近我常常跟朋友聊到家长这个话题。
家长群,jiāzhǎng qún,학부모 단체방,명사,我家附近就有家长群，所以生活很方便。
点名,diǎnmíng,출석 확인/호명,동사,为了提高效率，我每天都会点名。
数学,shùxué,수학,명사,最近我常常跟朋友聊到数学这个话题。
语文,yǔwén,중국어/국어 과목,명사,我觉得语文很重要，对学习汉语很有帮助。
自学,zìxué,독학하다,동사,为了提高效率，我每天都会自学。
面粉,miànfěn,밀가루,명사,最近我常常跟朋友聊到面粉这个话题。
国产,guóchǎn,국산,형용사,这家店的环境很国产，我很喜欢。
大概,dàgài,대략/약,부사,我大概会提前到公司准备资料。
地理位置,dìlǐ wèizhi,지리적 위치,명사,最近我常常跟朋友聊到地理位置这个话题。
进口,jìnkǒu,수입하다/수입,동사/명사,对我来说，进口是不能忽视的问题。
增长率,zēngzhǎnglǜ,성장률,명사,我觉得增长率很重要，在生活中经常会用到。
下降率,xiàjiànglǜ,하락률,명사,最近我常常跟朋友聊到下降率这个话题。
趋势,qūshì,추세,명사,对我来说，趋势是不能忽视的问题。
稳定,wěndìng,안정적이다,형용사,我觉得这个办法很稳定，值得试一试。
上升,shàngshēng,상승하다,동사,遇到这种情况的时候，我一般会先上升。
竞争,jìngzhēng,경쟁,명사/동사,对我来说，竞争是不能忽视的问题。
紧张,jǐnzhāng,치열하다/긴장되다,형용사,我觉得这个办法很紧张，值得试一试。
下跌,xiàdiē,하락하다,동사,遇到这种情况的时候，我一般会先下跌。
技术能力,jìshù nénglì,기술 능력,명사,我平时很喜欢技术能力，因为又方便又好吃。
迅速,xùnsù,빠르게/신속하게,형용사/부사,我觉得这个办法很迅速，值得试一试。
增长,zēngzhǎng,증가하다/증가,동사/명사,最近我常常跟朋友聊到增长这个话题。
生产量,shēngchǎnliàng,생산량,명사,对我来说，生产量是不能忽视的问题。
旅游旺季,lǚyóu wàngjì,관광 성수기,명사,我觉得旅游旺季很重要，在生活中经常会用到。
游客,yóukè,관광객,명사,最近我常常跟朋友聊到游客这个话题。
人数,rénshù,인원수,명사,对我来说，人数是不能忽视的问题。
大幅度,dà fúdù,큰 폭으로/대폭,부사,我大幅度会提前到公司准备资料。
行业,hángyè,산업/업종,명사,最近我常常跟朋友聊到行业这个话题。
占比,zhànbǐ,비중,명사,对我来说，占比是不能忽视的问题。
建厂,jiàn chǎng,공장을 세우다,동사,为了提高效率，我每天都会建厂。
销量,xiāoliàng,판매량,명사,最近我常常跟朋友聊到销量这个话题。
占领市场,zhànlǐng shìchǎng,시장을 점유하다,동사구,下班以后，我常常在家占领市场。
占有率,zhànyǒulǜ,점유율,명사,我觉得占有率很重要，在生活中经常会用到。
销售业绩,xiāoshòu yèjì,판매 실적,명사,最近我常常跟朋友聊到销售业绩这个话题。
处于,chǔyú,~의 상태에 있다,동사,下班以后，我常常在家处于。
增长趋势,zēngzhǎng qūshì,증가 추세,명사,我觉得增长趋势很重要，在生活中经常会用到。
自动化生产,zìdònghuà shēngchǎn,자동화 생산,명사,最近我常常跟朋友聊到自动化生产这个话题。
制造业,zhìzàoyè,제조업,명사,对我来说，制造业是不能忽视的问题。
主要趋势,zhǔyào qūshì,주요 추세,명사,从我家到公司大概需要主要趋势。
全球变暖,quánqiú biànnuǎn,지구 온난화,명사,最近我常常跟朋友聊到全球变暖这个话题。
生态环境,shēngtài huánjìng,생태 환경,명사,对我来说，生态环境是不能忽视的问题。
深远影响,shēnyuǎn yǐngxiǎng,심대한 영향,명사,我觉得深远影响很重要，在生活中经常会用到。
气候,qìhòu,기후,명사,最近我常常跟朋友聊到气候这个话题。
农业,nóngyè,농업,명사,对我来说，农业是不能忽视的问题。
适合,shìhé,적합하다,동사,为了提高效率，我每天都会适合。
南方,nánfāng,남쪽/남부 지역,명사,最近我常常跟朋友聊到南方这个话题。
北韩,Běihán,북한,명사,对我来说，北韩是不能忽视的问题。
形势,xíngshì,형세/상황,명사,我觉得形势很重要，在生活中经常会用到。
分析,fēnxī,분석하다,동사,从我家到公司大概需要分析。
人口数量,rénkǒu shùliàng,인구 수,명사,对我来说，人口数量是不能忽视的问题。
持续,chíxù,지속하다,동사,为了提高效率，我每天都会持续。
持续不断,chíxù bùduàn,끊임없이 지속되다,부사/형용사,最近工作有点持续不断，所以大家都很累。
上涨,shàngzhǎng,상승하다,동사,下班以后，我常常在家上涨。
房价,fángjià,집값,명사,我家附近就有房价，所以生活很方便。
担心,dānxīn,걱정하다,동사,遇到这种情况的时候，我一般会先担心。
对手,duìshǒu,상대/경쟁자,명사,对我来说，对手是不能忽视的问题。
策略,cèlüè,전략,명사,我觉得策略很重要，在生活中经常会用到。
研究,yánjiū,연구하다,동사,遇到这种情况的时候，我一般会先研究。
污染,wūrǎn,오염,명사/동사,对我来说，污染是不能忽视的问题。
严重,yánzhòng,심각하다,형용사,我觉得这个办法很严重，值得试一试。
眼睛,yǎnjīng,눈,명사,最近我常常跟朋友聊到眼睛这个话题。
营养不良,yíngyǎng bùliáng,영양 불량,명사,对我来说，营养不良是不能忽视的问题。
导致,dǎozhì,초래하다/야기하다,동사,为了提高效率，我每天都会导致。
比较 + 형용사,bǐjiào,비교적 ~하다,문법,我常常在说话的时候用到“比较 + 형용사”这个表达。
正在 + 동사,zhèngzài,~하는 중이다,문법,我常常在说话的时候用到“正在 + 동사”这个表达。
会 + 동사,huì,~할 것이다(예측),문법,我常常在说话的时候用到“会 + 동사”这个表达。
从…到…,cóng…dào…,~에서 ~까지,문법,我常常在说话的时候用到“从…到…”这个表达。
越来越…,yuèláiyuè…,점점 더 ~하다,문법,我常常在说话的时候用到“越来越…”这个表达。
对…产生影响,duì… chǎnshēng yǐngxiǎng,~에 영향을 미치다,문법,我常常在说话的时候用到“对…产生影响”这个表达。
随着…,suízhe…,~에 따라/~하면서,문법,我常常在说话的时候用到“随着…”这个表达。
让 + 사람 + 동사,ràng…,~하게 만들다,문법,我常常在说话的时候用到“让 + 사람 + 동사”这个表达。
因为…导致…,yīnwèi… dǎozhì…,~때문에 ~을 초래하다,문법,因为明天要考试，所以我今天不出去玩。
正是,zhèngshì,바로 ~이다,문법,我常常在说话的时候用到“正是”这个表达。
之一,zhī yī,~중 하나,문법,我常常在说话的时候用到“之一”这个表达。
怎么回事,zěnme huíshì,무슨 일인가/어떻게 된 일인가,표현,我觉得怎么回事很重要，在生活中经常会用到。
书,shū,책,명사,最近我常常跟朋友聊到书这个话题。
本,běn,책을 세는 양사,양사,我常常在说话的时候用到“本”这个表达。
晚上,wǎnshang,저녁/밤,명사,我觉得晚上很重要，在生活中经常会用到。
就…,jiù…,곧바로/바로 ~하다(빠른 결과 강조),문법,我常常在说话的时候用到“就…”这个表达。
布置,bùzhì,배치하다/준비하다/설정하다,동사,下班以后，我常常在家布置。
放,fàng,놓다/두다,동사,为了提高效率，我每天都会放。
每,měi,각각의/매~,한정사,最近我常常跟朋友聊到每这个话题。
每一个,měi yí gè,각각 하나하나,표현,对我来说，每一个是不能忽视的问题。
预售,yùshòu,사전 판매하다/예약 판매하다,동사,为了提高效率，我每天都会预售。
半导体,bàndǎotǐ,반도체,명사,最近我常常跟朋友聊到半导体这个话题。
组,zǔ,팀/조,명사,对我来说，组是不能忽视的问题。
找,zhǎo,찾다,동사,为了提高效率，我每天都会找。
专门,zhuānmén,전문적인/특별히,형용사/부사,最近工作有点专门，所以大家都很累。
代公司,dài gōngsī,대행 회사,명사,我家附近就有代公司，所以生活很方便。
看看,kànkan,잠깐 보다/확인하다,동사,为了提高效率，我每天都会看看。
有没有,yǒu méiyǒu,있는지 없는지/경험 여부,표현,最近我常常跟朋友聊到有没有这个话题。
商量,shāngliáng,상의하다/의논하다,동사,下班以后，我常常在家商量。
下属,xiàshǔ,부하 직원,명사,我觉得下属很重要，遇到问题的时候可以帮助我们。
提示,tíshì,알려주다/힌트를 주다,동사,从我家到公司大概需要提示。
资料,zīliào,자료,명사,对我来说，资料是不能忽视的问题。
向 + 사람 + 동사,xiàng…,~에게 ~하다,문법,我常常在说话的时候用到“向 + 사람 + 동사”这个表达。
交给,jiāo gěi,~에게 제출하다/건네주다,동사,从我家到公司大概需要交给。
任何,rènhé,어떤/어느/무엇이든,대명사,我常常在说话的时候用到“任何”这个表达。
请假,qǐngjià,휴가를 내다/결근하다,동사,为了提高效率，我每天都会请假。
手头,shǒutóu,현재 가지고 있는 일/수중 상황,명사,最近我常常跟朋友聊到手头这个话题。
交接,jiāojiē,인수인계하다/인수인계,동사/명사,对我来说，交接是不能忽视的问题。
早日,zǎorì,조속히/하루빨리,부사,我早日会提前到公司准备资料。
康复,kāngfù,회복하다/회복,동사/명사,最近我常常跟朋友聊到康复这个话题。
先…再…,xiān… zài…,먼저 ~하고 나서 ~하다,문법,我常常在说话的时候用到“先…再…”这个表达。
轻松,qīngsōng,편하다/부담이 없다,형용사,我觉得这个办法很轻松，值得试一试。
开心,kāixīn,기쁘다/즐겁다,형용사,最近工作有点开心，所以大家都很累。
幸福,xìngfú,행복하다/행복,형용사/명사,对我来说，幸福是不能忽视的问题。
太…,tài…,너무 ~하다,부사/문법,我常常在说话的时候用到“太…”这个表达。
没有…了,méiyǒu…le,더 이상 ~이 없다,문법,我常常在说话的时候用到“没有…了”这个表达。
状态,zhuàngtài,상태,명사,对我来说，状态是不能忽视的问题。
发生,fāshēng,발생하다/일어나다,동사,为了提高效率，我每天都会发生。
吧,ba,추측/완곡 어조,어기조사,最近我常常跟朋友聊到吧这个话题。
欢迎光临,huānyíng guānglín,어서 오세요/환영합니다,표현,对我来说，欢迎光临是不能忽视的问题。
厂区,chǎngqū,공장 구역,명사,我觉得厂区很重要，在生活中经常会用到。
电器,diànqì,전자기기/전기 제품,명사,我买东西的时候很重视电器，不会只看价格。
部门,bùmén,부서,명사,对我来说，部门是不能忽视的问题。
产业,chǎnyè,산업,명사,我觉得产业很重要，在生活中经常会用到。
搬,bān,옮기다/이전하다,동사,遇到这种情况的时候，我一般会先搬。
还是,háishì,또는/아니면,접속사,你喜欢喝咖啡还是喝茶？
均衡发展,jūnhéng fāzhǎn,균형 발전,표현,我觉得均衡发展很重要，在生活中经常会用到。
手头紧,shǒutóu jǐn,돈 사정이 빠듯하다,표현,最近我常常跟朋友聊到手头紧这个话题。
贷款,dàikuǎn,대출하다/대출,동사/명사,对我来说，贷款是不能忽视的问题。
刚,gāng,막/방금,부사,我家附近就有刚，所以生活很方便。
快点,kuài diǎn,빨리/서둘러,부사,周末我快点会跟家人一起出去吃饭。
高尔夫球,gāo’ěrfūqiú,골프,명사,对我来说，高尔夫球是不能忽视的问题。
真的,zhēn de,정말/진짜로,부사,我真的会提前到公司准备资料。
虽然…但是…,suīrán…dànshì…,비록~하지만,접속표현,最近我常常跟朋友聊到虽然…但是…这个话题。
如果…的话,rúguǒ…dehuà,만약~라면,접속표현,对我来说，如果…的话是不能忽视的问题。
按照,ànzhào,~에따라/기준으로,개사,我常常在说话的时候用到“按照”这个表达。
达成一致,dáchéngyízhì,합의에도달하다,동사표현,遇到这种情况的时候，我一般会先达成一致。
无法,wúfǎ,~할수없다,조동사표현,下班以后，我常常在家无法。
不得不,bùdébù,어쩔수없이~하다,조동사표현,为了提高效率，我每天都会不得不。
专家,zhuānjiā,전문가,명사,最近我常常跟朋友聊到专家这个话题。
重点,zhòngdiǎn,중점/핵심,명사,对我来说，重点是不能忽视的问题。
一致,yízhì,일치/합의,명사,我觉得一致很重要，在生活中经常会用到。
辅导,fǔdǎo,지도하다/과외하다,동사,遇到这种情况的时候，我一般会先辅导。
辅导班,fǔdǎobān,학원/보충수업,명사,我觉得辅导班很重要，对学习汉语很有帮助。
花时间,huāshíjiān,시간을쓰다,동사,从我家到公司大概需要花时间。
挣,zhèng,돈을벌다,동사,遇到这种情况的时候，我一般会先挣。
动力,dònglì,동기/추진력,명사,对我来说，动力是不能忽视的问题。
奖金,jiǎngjīn,장학금/상금,명사,我觉得奖金很重要，在生活中经常会用到。
搬家,bānjiā,이사하다,동사,遇到这种情况的时候，我一般会先搬家。
行李箱,xínglǐxiāng,캐리어/여행가방,명사,我家附近就有行李箱，所以生活很方便。
高尔夫球杆,gāoěrfūqiúgān,골프채,명사,我觉得高尔夫球杆很重要，在生活中经常会用到。
